Date,State,Total Cases,Confirmed New C19 Case,Total Death,Confirmed New C19 Death,New Persons Vaccinated,Cumulative Persons Vaccinated,New Persons Fully Vaccinated,Cumulative Persons Fully Vaccinated,New Vaccines Doses Admined,Cumulative Vaccines Doses Admined
2020-10-01,NY,"215,457",849,"9,046",5,,,,,,
2020-10-02,NY,"216,456",999,"9,050",4,,,,,,
2020-10-03,NY,"217,475","1,019","9,057",7,,,,,,
2020-10-04,NY,"218,165",690,"9,068",11,,,,,,
2020-10-05,NY,"218,630",465,"9,073",5,,,,,,
2020-10-06,NY,"219,456",826,"9,077",4,,,,,,
2020-10-07,NY,"220,268",812,"9,084",7,,,,,,
2020-10-08,NY,"221,408","1,140","9,092",8,,,,,,
2020-10-09,NY,"222,376",968,"9,095",3,,,,,,
2020-10-10,NY,"223,248",872,"9,100",5,,,,,,
2020-10-11,NY,"223,922",674,"9,103",3,,,,,,
2020-10-12,NY,"224,558",636,"9,113",10,,,,,,
2020-10-13,NY,"225,406",848,"9,117",4,,,,,,
2020-10-14,NY,"226,174",768,"9,118",1,,,,,,
2020-10-15,NY,"227,126",952,"9,127",9,,,,,,
2020-10-16,NY,"228,173","1,047","9,136",9,,,,,,
2020-10-17,NY,"229,151",978,"9,142",6,,,,,,
2020-10-18,NY,"229,929",778,"9,145",3,,,,,,
2020-10-19,NY,"230,508",579,"9,155",10,,,,,,
2020-10-20,NY,"231,273",765,"9,164",9,,,,,,
2020-10-21,NY,"232,460","1,187","9,166",2,,,,,,
2020-10-22,NY,"233,558","1,098","9,177",11,,,,,,
2020-10-23,NY,"234,624","1,066","9,185",8,,,,,,
2020-10-24,NY,"235,930","1,306","9,197",12,,,,,,
2020-10-25,NY,"236,909",979,"9,203",6,,,,,,
2020-10-26,NY,"237,676",767,"9,215",12,,,,,,
2020-10-27,NY,"238,936","1,260","9,226",11,,,,,,
2020-10-28,NY,"240,130","1,194","9,239",13,,,,,,
2020-10-29,NY,"241,569","1,439","9,251",12,,,,,,
2020-10-30,NY,"242,921","1,352","9,259",8,,,,,,
2020-10-31,NY,"244,271","1,350","9,263",4,,,,,,
2020-11-01,NY,"245,580","1,309","9,273",10,,,,,,
2020-11-02,NY,"246,572",992,"9,282",9,,,,,,
2020-11-03,NY,"248,091","1,519","9,290",8,,,,,,
2020-11-04,NY,"249,422","1,331","9,301",11,,,,,,
2020-11-05,NY,"251,352","1,930","9,313",12,,,,,,
2020-11-06,NY,"253,358","2,006","9,326",13,,,,,,
2020-11-07,NY,"255,780","2,422","9,340",14,,,,,,
2020-11-08,NY,"257,817","2,037","9,353",13,,,,,,
2020-11-09,NY,"259,805","1,988","9,371",18,,,,,,
2020-11-10,NY,"262,562","2,757","9,399",28,,,,,,
2020-11-11,NY,"265,651","3,089","9,415",16,,,,,,
2020-11-12,NY,"268,786","3,135","9,438",23,,,,,,
2020-11-13,NY,"272,361","3,575","9,457",19,,,,,,
2020-11-14,NY,"275,952","3,591","9,472",15,,,,,,
2020-11-15,NY,"278,144","2,192","9,497",25,,,,,,
2020-11-16,NY,"280,349","2,205","9,518",21,,,,,,
2020-11-17,NY,"283,503","3,154","9,544",26,,,,,,
2020-11-18,NY,"287,050","3,547","9,573",29,,,,,,
2020-11-19,NY,"290,513","3,463","9,596",23,,,,,,
2020-11-20,NY,"293,960","3,447","9,625",29,,,,,,
2020-11-21,NY,"297,988","4,028","9,652",27,,,,,,
2020-11-22,NY,"301,449","3,461","9,679",27,,,,,,
2020-11-23,NY,"305,573","4,124","9,704",25,,,,,,
2020-11-24,NY,"308,726","3,153","9,747",43,,,,,,
2020-11-25,NY,"313,075","4,349","9,780",33,,,,,,
2020-11-26,NY,"317,677","4,602","9,838",58,,,,,,
2020-11-27,NY,"323,295","5,618","9,869",31,,,,,,
2020-11-28,NY,"327,257","3,962","9,911",42,,,,,,
2020-11-29,NY,"331,686","4,429","9,957",46,,,,,,
2020-11-30,NY,"336,001","4,315","10,002",45,,,,,,
2020-12-01,NY,"340,717","4,716","10,061",59,,,,,,
2020-12-02,NY,"346,492","5,775","10,117",56,,,,,,
2020-12-03,NY,"353,040","6,548","10,172",55,,,,,,
2020-12-04,NY,"360,714","7,674","10,217",45,,,,,,
2020-12-05,NY,"368,246","7,532","10,274",57,,,,,,
2020-12-06,NY,"374,821","6,575","10,319",45,,,,,,
2020-12-07,NY,"379,358","4,537","10,382",63,,,,,,
2020-12-08,NY,"385,232","5,874","10,440",58,,,,,,
2020-12-09,NY,"392,090","6,858","10,521",81,,,,,,
2020-12-10,NY,"398,898","6,808","10,598",77,,,,,,
2020-12-11,NY,"406,146","7,248","10,669",71,,,,,,
2020-12-12,NY,"413,292","7,146","10,743",74,,,,,,
2020-12-13,NY,"420,108","6,816","10,834",91,,,,,,
2020-12-14,NY,"426,123","6,015","10,901",67,,,,,,
2020-12-15,NY,"432,330","6,207","11,004",103,,,,,,
2020-12-16,NY,"438,797","6,467","11,085",81,,,,,,
2020-12-17,NY,"446,084","7,287","11,176",91,,,,,,
2020-12-18,NY,"454,282","8,198","11,267",91,,,,,,
2020-12-19,NY,"460,856","6,574","11,366",99,,,,,,
2020-12-20,NY,"467,569","6,713","11,467",101,,,,,,
2020-12-21,NY,"473,238","5,669","11,559",92,,,,,,
2020-12-22,NY,"479,498","6,260","11,679",120,,,,,,
2020-12-23,NY,"487,062","7,564","11,812",133,,,,,,
2020-12-24,NY,"494,968","7,906","11,912",100,,,,,,
2020-12-25,NY,"503,243","8,275","12,000",88,,,,,,
2020-12-26,NY,"510,100","6,857","12,091",91,,,,,,
2020-12-27,NY,"514,881","4,781","12,179",88,,,,,,
2020-12-28,NY,"521,765","6,884","12,263",84,,,,,,
2020-12-29,NY,"528,633","6,868","12,354",91,,,,,,
2020-12-30,NY,"537,345","8,712","12,466",112,,,,,,
2020-12-31,NY,"548,154","10,809","12,566",100,,,,,,
2021-01-01,NY,"559,358","11,204","12,701",135,,,,,,
2021-01-02,NY,"569,204","9,846","12,798",97,,,,,,
2021-01-03,NY,"577,232","8,028","12,912",114,,,,,,
2021-01-04,NY,"584,715","7,483","13,039",127,,,,,,
2021-01-05,NY,"592,518","7,803","13,163",124,,,,,,
2021-01-06,NY,"603,543","11,025","13,281",118,,,,,,
2021-01-07,NY,"614,792","11,249","13,425",144,,,,,,
2021-01-08,NY,"627,340","12,548","13,551",126,,,,,,
2021-01-09,NY,"638,239","10,899","13,694",143,,,,,,
2021-01-10,NY,"648,275","10,036","13,805",111,,,,,,
2021-01-11,NY,"656,699","8,424","13,928",123,,,,,,
2021-01-12,NY,"665,919","9,220","14,050",122,,543014.0,,36422.0,,579532.0
2021-01-13,NY,"674,674","8,755","14,180",130,44851.0,587865.0,8090.0,44512.0,52941.0,632473.0
2021-01-14,NY,"682,976","8,302","14,325",145,29731.0,617596.0,0.0,,56103.0,688576.0
2021-01-15,NY,"695,193","12,217","14,457",132,53715.0,671311.0,29011.0,73523.0,68890.0,757466.0
2021-01-16,NY,"704,870","9,677","14,570",113,,,,,,
2021-01-17,NY,"712,961","8,091","14,698",128,,,,,,
2021-01-18,NY,"719,918","6,957","14,814",116,,,,,,
2021-01-19,NY,"727,080","7,162","14,937",123,213597.0,884908.0,28664.0,102187.0,242853.0,1000319.0
2021-01-20,NY,"733,850","6,770","15,065",128,41431.0,926339.0,4634.0,106821.0,46171.0,1046490.0
2021-01-21,NY,"742,538","8,688","15,184",119,55844.0,982183.0,13980.0,120801.0,69951.0,1116441.0
2021-01-22,NY,"751,375","8,837","15,300",116,66270.0,1048453.0,21204.0,142005.0,87553.0,1203994.0
2021-01-23,NY,"759,301","7,926","15,396",96,57482.0,1105935.0,20680.0,162685.0,78521.0,1282515.0
2021-01-24,NY,"766,261","6,960","15,501",105,66986.0,1172921.0,13974.0,176659.0,82889.0,1365404.0
2021-01-25,NY,"772,569","6,308","15,618",117,42529.0,1215450.0,7256.0,183915.0,52909.0,1418313.0
2021-01-26,NY,"778,552","5,983","15,729",111,29765.0,1245215.0,5876.0,189791.0,35659.0,1453972.0
2021-01-27,NY,"784,633","6,081","15,847",118,41490.0,1286705.0,23011.0,212802.0,64725.0,1518697.0
2021-01-28,NY,"791,929","7,296","15,959",112,33867.0,1320572.0,25920.0,238722.0,111807.0,1630504.0
2021-01-29,NY,"798,728","6,799","16,048",89,39398.0,1359970.0,33152.0,271874.0,72714.0,1703218.0
2021-01-30,NY,"805,504","6,776","16,131",83,57403.0,1417373.0,31228.0,303102.0,88717.0,1791935.0
2021-01-31,NY,"811,279","5,775","16,220",89,56241.0,1473614.0,26693.0,329795.0,83527.0,1875462.0
2021-02-01,NY,"815,593","4,314","16,308",88,37652.0,1511266.0,14530.0,344325.0,52203.0,1927665.0
2021-02-02,NY,"819,616","4,023","16,406",98,29969.0,1541235.0,8802.0,353127.0,38781.0,1966446.0
2021-02-03,NY,"822,958","3,342","16,513",107,21710.0,1562945.0,14927.0,368054.0,36724.0,2003170.0
2021-02-04,NY,"827,433","4,475","16,594",81,13608.0,1576553.0,20744.0,388798.0,57131.0,2060301.0
2021-02-05,NY,"832,327","4,894","16,686",92,34279.0,1610832.0,37570.0,426368.0,72004.0,2132305.0
2021-02-06,NY,"838,229","5,902","16,781",95,50421.0,1661253.0,42379.0,468747.0,93011.0,2225316.0
2021-02-07,NY,"842,972","4,743","16,863",82,61049.0,1722302.0,50354.0,519101.0,111551.0,2336867.0
2021-02-08,NY,"846,873","3,901","16,925",62,45364.0,1767666.0,35161.0,554262.0,81207.0,2418074.0
2021-02-09,NY,"850,387","3,514","17,009",84,27926.0,1795592.0,18164.0,572426.0,23619.0,2441693.0
2021-02-10,NY,"854,170","3,783","17,084",75,38162.0,1833754.0,47078.0,619504.0,94131.0,2535824.0
2021-02-11,NY,"859,076","4,906","17,153",69,35841.0,1869595.0,48674.0,668178.0,84910.0,2620734.0
2021-02-12,NY,"863,285","4,209","17,227",74,38188.0,1907783.0,53376.0,721554.0,91812.0,2712546.0
2021-02-13,NY,"867,467","4,182","17,286",59,51410.0,1959193.0,57011.0,778565.0,108789.0,2821335.0
2021-02-14,NY,"871,661","4,194","17,346",60,48759.0,2007952.0,54879.0,833444.0,103851.0,2925186.0
2021-02-15,NY,"874,571","2,910","17,396",50,,,,,0.0,2925186.0
2021-02-16,NY,"877,624","3,053","17,440",44,94085.0,2102037.0,91031.0,924475.0,185246.0,3110432.0
2021-02-17,NY,"880,638","3,014","17,500",60,36906.0,2138943.0,30862.0,955337.0,67820.0,3178252.0
2021-02-18,NY,"883,994","3,356","17,555",55,37061.0,2176004.0,38453.0,993790.0,75622.0,3253874.0
2021-02-19,NY,"887,832","3,838","17,622",67,120129.0,2296133.0,73201.0,1066991.0,193647.0,3447521.0
2021-02-20,NY,"891,374","3,542","17,674",52,37879.0,2334012.0,50523.0,1117514.0,88476.0,3535997.0
2021-02-21,NY,"894,600","3,226","17,711",37,35508.0,2369520.0,50420.0,1167934.0,85976.0,3621973.0
2021-02-22,NY,"897,388","2,788","17,755",44,31330.0,2400850.0,37680.0,1205614.0,89691.0,3711664.0
2021-02-23,NY,"900,510","3,122","17,798",43,25305.0,2426155.0,35926.0,1241540.0,61038.0,3772702.0
2021-02-24,NY,"903,336","2,826","17,846",48,0.0,2426155.0,24942.0,1266482.0,0.0,3772702.0
2021-02-25,NY,"907,769","4,433","17,893",47,23758.0,2449913.0,25494.0,1291976.0,48357.0,3821059.0
2021-02-26,NY,"911,554","3,785","17,933",40,75529.0,2525442.0,33930.0,1325906.0,134132.0,3955191.0
2021-02-27,NY,"915,323","3,769","17,964",31,63405.0,2588847.0,42582.0,1368488.0,105240.0,4060431.0
2021-02-28,NY,"918,946","3,623","18,003",39,102475.0,2691322.0,61800.0,1430288.0,164819.0,4225250.0
2021-03-01,NY,"921,678","2,732","18,031",28,86423.0,2777745.0,43485.0,1473773.0,130294.0,4355544.0
2021-03-02,NY,"924,361","2,683","18,064",33,102782.0,2880527.0,36992.0,1510765.0,140277.0,4495821.0
2021-03-03,NY,"927,750","3,389","18,092",28,77657.0,2958184.0,34118.0,1544883.0,111750.0,4607571.0
2021-03-04,NY,"931,318","3,568","18,118",26,94196.0,3052380.0,29275.0,1574158.0,123238.0,4730809.0
2021-03-05,NY,"935,418","4,100","18,166",48,0.0,3052380.0,30448.0,1604606.0,0.0,4730809.0
2021-03-06,NY,"938,986","3,568","18,201",35,240252.0,3292632.0,39651.0,1644257.0,311378.0,5042187.0
2021-03-07,NY,"942,268","3,282","18,228",27,146185.0,3438817.0,47757.0,1692014.0,195410.0,5237597.0
2021-03-08,NY,"944,830","2,562","18,249",21,131110.0,3569927.0,59990.0,1752004.0,178704.0,5416301.0
2021-03-09,NY,"947,737","2,907","18,283",34,81475.0,3651402.0,40249.0,1792253.0,109043.0,5525344.0
2021-03-10,NY,"950,806","3,069","18,303",20,130264.0,3781666.0,52850.0,1845103.0,166367.0,5691711.0
2021-03-11,NY,"954,005","3,199","18,335",32,111178.0,3892844.0,-1845103.0,0.0,149196.0,5840907.0
2021-03-12,NY,"958,223","4,218","18,356",21,117195.0,4010039.0,0.0,0.0,158813.0,5999720.0
2021-03-13,NY,"961,370","3,147","18,392",36,0.0,4010039.0,1954049.0,1954049.0,0.0,5999720.0
2021-03-14,NY,"964,179","2,809","18,414",22,216899.0,4226938.0,95037.0,2049086.0,295338.0,6295058.0
2021-03-15,NY,"966,982","2,803","18,431",17,96144.0,4323082.0,57557.0,2106643.0,148404.0,6443462.0
2021-03-16,NY,"970,120","3,138","18,455",24,81212.0,4404294.0,54020.0,2160663.0,128390.0,6571852.0
2021-03-17,NY,"973,707","3,587","18,477",22,83478.0,4487772.0,50861.0,2211524.0,128590.0,6700442.0
2021-03-18,NY,"977,455","3,748","18,500",23,111010.0,4598782.0,49144.0,2260668.0,153057.0,6853499.0
2021-03-19,NY,"981,148","3,693","18,528",28,107955.0,4706737.0,50114.0,2310782.0,151263.0,7004762.0
2021-03-20,NY,"985,007","3,859","18,551",23,139618.0,4846355.0,47683.0,2358465.0,180995.0,7185757.0
2021-03-21,NY,"988,742","3,735","18,577",26,134098.0,4980453.0,57173.0,2415638.0,185887.0,7371644.0
2021-03-22,NY,"991,538","2,796","18,594",17,101949.0,5082402.0,54148.0,2469786.0,151305.0,7522949.0
2021-03-23,NY,"994,847","3,309","18,612",18,112632.0,5195034.0,61681.0,2531467.0,172334.0,7695283.0
2021-03-24,NY,"998,316","3,469","18,638",26,93725.0,5288759.0,63877.0,2595344.0,141657.0,7836940.0
2021-03-25,NY,"1,002,364","4,048","18,653",15,89347.0,5378106.0,64479.0,2659823.0,149422.0,7986362.0
2021-03-26,NY,"1,006,478","4,114","18,665",12,131473.0,5509579.0,84984.0,2744807.0,207916.0,8194278.0
2021-03-27,NY,"1,010,776","4,298","18,697",32,144561.0,5654140.0,101378.0,2846185.0,241361.0,8435639.0
2021-03-28,NY,"1,014,969","4,193","18,711",14,107742.0,5761882.0,114510.0,2960695.0,218865.0,8654504.0
2021-03-29,NY,"1,018,606","3,637","18,734",23,99879.0,5861761.0,110426.0,3071121.0,208339.0,8862843.0
2021-03-30,NY,"1,021,976","3,370","18,757",23,73378.0,5935139.0,87337.0,3158458.0,160698.0,9023541.0
2021-03-31,NY,"1,026,173","4,197","18,784",27,116458.0,6051597.0,127144.0,3285602.0,238434.0,9261975.0
2021-04-01,NY,"1,030,739","4,566","18,814",30,59277.0,6110874.0,76454.0,3362056.0,131509.0,9393484.0
2021-04-02,NY,"1,034,732","3,993","18,836",22,174784.0,6285658.0,352458.0,3714514.0,520842.0,9914326.0
2021-04-03,NY,"1,038,858","4,126","18,861",25,206351.0,6492009.0,187043.0,3901557.0,366707.0,10281033.0
2021-04-04,NY,"1,042,637","3,779","18,883",22,132412.0,6624421.0,124275.0,4025832.0,238484.0,10519517.0
2021-04-05,NY,"1,046,102","3,465","18,903",20,67239.0,6691660.0,66025.0,4091857.0,120486.0,10640003.0
2021-04-06,NY,"1,048,952","2,850","18,916",13,65709.0,6757369.0,59951.0,4151808.0,121339.0,10761342.0
2021-04-07,NY,"1,052,698","3,746","18,944",28,143839.0,6901208.0,139932.0,4291740.0,265667.0,11027009.0
2021-04-08,NY,"1,057,251","4,553","18,958",14,133148.0,7034356.0,113009.0,4404749.0,216183.0,11243192.0
2021-04-09,NY,"1,061,897","4,646","18,984",26,165500.0,7199856.0,136595.0,4541344.0,276248.0,11519440.0
2021-04-10,NY,"1,065,885","3,988","19,010",26,0.0,7199856.0,0.0,4541344.0,0.0,11519440.0
2021-04-11,NY,"1,069,399","3,514","19,032",22,179097.0,7378953.0,155617.0,4696961.0,291842.0,11811282.0
2021-04-12,NY,"1,072,149","2,750","19,055",23,252008.0,7630961.0,234483.0,4931444.0,431444.0,12242726.0
2021-04-13,NY,"1,074,867","2,718","19,074",19,112194.0,7743155.0,104292.0,5035736.0,194742.0,12437468.0
2021-04-14,NY,"1,078,165","3,298","19,098",24,113317.0,7856472.0,102117.0,5137853.0,195894.0,12633362.0
2021-04-15,NY,"1,082,315","4,150","19,122",24,111874.0,7968346.0,100415.0,5238268.0,210513.0,12843875.0
2021-04-16,NY,"1,085,444","3,129","19,141",19,112357.0,8080703.0,110141.0,5348409.0,220962.0,13064837.0
2021-04-17,NY,"1,089,638","4,194","19,165",24,104118.0,8184821.0,111014.0,5459423.0,212250.0,13277087.0
2021-04-18,NY,"1,092,654","3,016","19,179",14,137281.0,8322102.0,116743.0,5576166.0,254702.0,13531789.0
2021-04-19,NY,"1,094,889","2,235","19,199",20,75689.0,8397791.0,68940.0,5645106.0,144815.0,13676604.0
2021-04-20,NY,"1,097,037","2,148","19,222",23,0.0,8397791.0,0.0,5645106.0,0.0,13676604.0
2021-04-21,NY,"1,099,378","2,341","19,246",24,154821.0,8552612.0,144891.0,5789997.0,327369.0,14003973.0
2021-04-22,NY,"1,102,176","2,798","19,268",22,83702.0,8636314.0,84357.0,5874354.0,167743.0,14171716.0
2021-04-23,NY,"1,104,946","2,770","19,288",20,88089.0,8724403.0,114836.0,5989190.0,203035.0,14374751.0
2021-04-24,NY,"1,107,238","2,292","19,298",10,87904.0,8812307.0,107671.0,6096861.0,196297.0,14571048.0
2021-04-25,NY,"1,109,400","2,162","19,320",22,73270.0,8885577.0,88507.0,6185368.0,161939.0,14732987.0
2021-04-26,NY,"1,111,096","1,696","19,343",23,52982.0,8938559.0,70499.0,6255867.0,123432.0,14856419.0
2021-04-27,NY,"1,112,609","1,513","19,355",12,51363.0,8989922.0,74882.0,6330749.0,125943.0,14982362.0
2021-04-28,NY,"1,114,458","1,849","19,373",18,75193.0,9065115.0,104703.0,6435452.0,179637.0,15161999.0
2021-04-29,NY,"1,116,926","2,468","19,390",17,105743.0,9170858.0,143820.0,6579272.0,248702.0,15410701.0
2021-04-30,NY,"1,119,158","2,232","19,409",19,87794.0,9258652.0,142036.0,6721308.0,225908.0,15636609.0
2021-05-01,NY,"1,121,015","1,857","19,409",0,86700.0,9345352.0,140524.0,6861832.0,221990.0,15858599.0
2021-05-02,NY,"1,122,872","1,857","19,431",22,0.0,9345352.0,0.0,6861832.0,0.0,15858599.0
2021-05-03,NY,"1,124,156","1,284","19,454",23,78789.0,9424141.0,132077.0,6993909.0,206252.0,16064851.0
2021-05-04,NY,"1,125,497","1,341","19,480",26,35890.0,9460031.0,78843.0,7072752.0,113658.0,16178509.0
2021-05-05,NY,"1,126,855","1,358","19,499",19,60943.0,9520974.0,117617.0,7190369.0,174958.0,16353467.0
2021-05-06,NY,"1,128,398","1,543","19,508",9,68608.0,9589582.0,133917.0,7324286.0,199025.0,16552492.0
2021-05-07,NY,"1,129,878","1,480","19,522",14,53319.0,9642901.0,103309.0,7427595.0,148939.0,16701431.0
2021-05-08,NY,"1,131,817","1,939","19,540",18,51978.0,9694879.0,119943.0,7547538.0,165188.0,16866619.0
2021-05-09,NY,"1,133,242","1,425","19,551",11,53840.0,9748719.0,119283.0,7666821.0,167432.0,17034051.0
2021-05-10,NY,"1,134,154",912,"19,561",10,42406.0,9791125.0,98637.0,7765458.0,134654.0,17168705.0
2021-05-11,NY,"1,135,113",959,"19,581",20,33574.0,9824699.0,76665.0,7842123.0,104533.0,17273238.0
2021-05-12,NY,"1,136,256","1,143","19,591",10,38489.0,9863188.0,87364.0,7929487.0,121713.0,17394951.0
2021-05-13,NY,"1,137,617","1,361","19,600",9,35207.0,9898395.0,81533.0,8011020.0,112909.0,17507860.0
2021-05-14,NY,"1,138,883","1,266","19,612",12,44832.0,9943227.0,82891.0,8093911.0,124247.0,17632107.0
2021-05-15,NY,"1,140,253","1,370","19,623",11,62654.0,10005881.0,98339.0,8192250.0,157865.0,17789972.0
2021-05-16,NY,"1,141,186",933,"19,638",15,62175.0,10068056.0,80246.0,8272496.0,138034.0,17928006.0
2021-05-17,NY,"1,141,984",798,"19,645",7,-236.0,10067820.0,-66.0,8272430.0,0.0,17928006.0
2021-05-18,NY,"1,142,612",628,"19,654",9,74562.0,10142382.0,98082.0,8370512.0,165872.0,18093878.0
2021-05-19,NY,"1,143,571",959,"19,666",12,69748.0,10212130.0,79755.0,8450267.0,153793.0,18247671.0
2021-05-20,NY,"1,144,584","1,013","19,680",14,58255.0,10270385.0,72131.0,8522398.0,148235.0,18395906.0
2021-05-21,NY,"1,145,551",967,"19,688",8,0.0,10270385.0,0.0,8522398.0,0.0,18395906.0
2021-05-22,NY,"1,146,403",852,"19,702",14,156547.0,10426932.0,157426.0,8679824.0,317015.0,18712921.0
2021-05-23,NY,"1,147,037",634,"19,706",4,68762.0,10495694.0,67322.0,8747146.0,138793.0,18851714.0
2021-05-24,NY,"1,147,626",589,"19,715",9,36260.0,10531954.0,36466.0,8783612.0,89294.0,18941008.0
2021-05-25,NY,"1,148,105",479,"19,722",7,35512.0,10567466.0,40495.0,8824107.0,81531.0,19022539.0
2021-05-26,NY,"1,148,695",590,"19,736",14,52104.0,10619570.0,51797.0,8875904.0,114780.0,19137319.0
2021-05-27,NY,"1,149,326",631,"19,742",6,48080.0,10667650.0,52950.0,8928854.0,100839.0,19238158.0
2021-05-28,NY,"1,149,873",547,"19,753",11,50587.0,10718237.0,53923.0,8982777.0,109094.0,19347252.0
2021-05-29,NY,"1,150,405",532,"19,759",6,59531.0,10777768.0,58654.0,9041431.0,131798.0,19479050.0
2021-05-30,NY,"1,150,933",528,"19,770",11,49733.0,10827501.0,49715.0,9091146.0,126490.0,19605540.0
2021-05-31,NY,"1,151,220",287,"19,780",10,0.0,10827501.0,0.0,9091146.0,0.0,19605540.0
2021-06-01,NY,"1,151,435",215,"19,788",8,44104.0,10871605.0,52592.0,9143738.0,101838.0,19707378.0
2021-06-02,NY,"1,151,698",263,"19,792",4,20738.0,10892343.0,33671.0,9177409.0,53718.0,19761096.0
2021-06-03,NY,"1,151,994",296,"19,799",7,18368.0,10910711.0,24091.0,9201500.0,39601.0,19800697.0
2021-06-04,NY,"1,152,423",429,"19,808",9,37126.0,10947837.0,42429.0,9243929.0,76152.0,19876849.0
2021-06-05,NY,"1,152,913",490,"19,818",10,41574.0,10989411.0,54476.0,9298405.0,91569.0,19968418.0
2021-06-06,NY,"1,153,222",309,"19,830",12,23075.0,11012486.0,26263.0,9324668.0,46467.0,20014885.0
2021-06-07,NY,"1,153,515",293,"19,835",5,51006.0,11063492.0,87950.0,9412618.0,133532.0,20148417.0
2021-06-08,NY,"1,153,736",221,"19,844",9,30457.0,11093949.0,54638.0,9467256.0,81923.0,20230340.0
2021-06-09,NY,"1,153,952",216,"19,848",4,29197.0,11123146.0,53844.0,9521100.0,80732.0,20311072.0
2021-06-10,NY,"1,154,216",264,"19,852",4,1466.0,11124612.0,2280.0,9523380.0,1578.0,20312650.0
2021-06-11,NY,"1,154,481",265,"19,858",6,48736.0,11173348.0,74872.0,9598252.0,121017.0,20433667.0
2021-06-12,NY,"1,154,753",272,"19,867",9,37036.0,11210384.0,58198.0,9656450.0,90012.0,20523679.0
2021-06-13,NY,"1,154,953",200,"19,872",5,36914.0,11247298.0,66203.0,9722653.0,98814.0,20622493.0
2021-06-14,NY,"1,155,117",164,"19,878",6,27638.0,11274936.0,67523.0,9790176.0,91032.0,20713525.0
2021-06-15,NY,"1,155,263",146,"19,884",6,23029.0,11297965.0,52009.0,9842185.0,71034.0,20784559.0
2021-06-16,NY,"1,155,433",170,"19,887",3,43788.0,11341753.0,86630.0,9928815.0,127620.0,20912179.0
2021-06-17,NY,"1,155,645",212,"19,889",2,35909.0,11377662.0,61381.0,9990196.0,97593.0,21009772.0
2021-06-18,NY,"1,155,881",236,"19,889",0,22007.0,11399669.0,38188.0,10028384.0,57421.0,21067193.0
2021-06-19,NY,"1,156,118",237,"19,902",13,33572.0,11433241.0,52750.0,10081134.0,84465.0,21151658.0
2021-06-20,NY,"1,156,172",54,"19,902",0,23426.0,11456667.0,40872.0,10122006.0,60269.0,21211927.0
2021-06-21,NY,"1,156,227",55,"19,906",4,21778.0,11478445.0,35655.0,10157661.0,56672.0,21268599.0
2021-06-22,NY,"1,156,354",127,"19,910",4,14593.0,11493038.0,20403.0,10178064.0,32521.0,21301120.0
2021-06-23,NY,"1,156,486",132,"19,916",6,19788.0,11512826.0,27434.0,10205498.0,46013.0,21347133.0
2021-06-24,NY,"1,156,655",169,"19,916",0,27949.0,11540775.0,39704.0,10245202.0,64893.0,21412026.0
2021-06-25,NY,"1,156,796",141,"19,919",3,19932.0,11560707.0,32473.0,10277675.0,51754.0,21463780.0
2021-06-26,NY,"1,156,956",160,"19,922",3,24423.0,11585130.0,51415.0,10329090.0,73720.0,21537500.0
2021-06-27,NY,"1,157,104",148,"19,925",3,29730.0,11614860.0,117867.0,10446957.0,146798.0,21684298.0
2021-06-28,NY,"1,157,238",134,"19,927",2,7216.0,11622076.0,8593.0,10455550.0,13009.0,21697307.0
2021-06-29,NY,"1,157,344",106,"19,928",1,23851.0,11645927.0,28796.0,10484346.0,51083.0,21748390.0
2021-06-30,NY,"1,157,475",131,"19,930",2,23579.0,11669506.0,23850.0,10508196.0,42107.0,21790497.0
2021-07-01,NY,"1,157,650",175,"19,932",2,30222.0,11699728.0,33299.0,10541495.0,60527.0,21851024.0
2021-07-02,NY,"1,157,893",243,"19,933",1,10627.0,11710355.0,15521.0,10557016.0,23915.0,21874939.0
2021-07-03,NY,"1,158,044",151,"19,933",0,33490.0,11743845.0,44647.0,10601663.0,76841.0,21951780.0
2021-07-04,NY,"1,158,205",161,"19,935",2,19142.0,11762987.0,23099.0,10624762.0,39832.0,21991612.0
2021-07-05,NY,"1,158,346",141,"19,936",1,0.0,11762987.0,0.0,10624762.0,0.0,21991612.0
2021-07-06,NY,"1,158,474",128,"19,939",3,17962.0,11780949.0,21562.0,10646324.0,36910.0,22028522.0
2021-07-07,NY,"1,158,647",173,"19,942",3,16665.0,11797614.0,21877.0,10668201.0,37194.0,22065716.0
2021-07-08,NY,"1,158,865",218,"19,944",2,19713.0,11817327.0,24742.0,10692943.0,42965.0,22108681.0
2021-07-09,NY,"1,159,186",321,"19,947",3,17477.0,11834804.0,21377.0,10714320.0,36879.0,22145560.0
2021-07-10,NY,"1,159,441",255,"19,947",0,20319.0,11855123.0,23603.0,10737923.0,43084.0,22188644.0
2021-07-11,NY,"1,159,695",254,"19,947",0,21718.0,11876841.0,25817.0,10763740.0,45344.0,22233988.0
2021-07-12,NY,"1,159,918",223,"19,947",0,12349.0,11889190.0,12907.0,10776647.0,23506.0,22257494.0
2021-07-13,NY,"1,160,203",285,"19,952",5,12032.0,11901222.0,12679.0,10789326.0,23779.0,22281273.0
2021-07-14,NY,"1,160,539",336,"19,954",2,16463.0,11917685.0,18740.0,10808066.0,34501.0,22315774.0
2021-07-15,NY,"1,160,945",406,"19,955",1,21829.0,11939514.0,22678.0,10830744.0,43432.0,22359206.0
2021-07-16,NY,"1,161,322",377,"19,956",1,19187.0,11958701.0,19851.0,10850595.0,38211.0,22397417.0
2021-07-17,NY,"1,161,724",402,"19,957",1,17592.0,11976293.0,18159.0,10868754.0,34722.0,22432139.0
2021-07-18,NY,"1,162,215",491,"19,958",1,17438.0,11993731.0,17190.0,10885944.0,33139.0,22465278.0
2021-07-19,NY,"1,162,577",362,"19,959",1,16109.0,12009840.0,16776.0,10902720.0,30956.0,22496234.0
2021-07-20,NY,"1,163,052",475,"19,960",1,0.0,12009840.0,0.0,10902720.0,0.0,22496234.0
2021-07-21,NY,"1,163,634",582,"19,963",3,33500.0,12043340.0,30708.0,10933428.0,61360.0,22557594.0
2021-07-22,NY,"1,164,284",650,"19,964",1,23976.0,12067316.0,20618.0,10954046.0,43208.0,22600802.0
2021-07-23,NY,"1,165,058",774,"19,966",2,20646.0,12087962.0,18650.0,10972696.0,38207.0,22639009.0
2021-07-24,NY,"1,165,798",740,"19,966",0,27101.0,12115063.0,21931.0,10994627.0,47123.0,22686132.0
2021-07-25,NY,"1,166,710",912,"19,973",7,14198.0,12129261.0,10345.0,11004972.0,23506.0,22709638.0
2021-07-26,NY,"1,167,263",553,"19,975",2,13513.0,12142774.0,10302.0,11015274.0,22666.0,22732304.0
2021-07-27,NY,"1,168,038",775,"19,976",1,25980.0,12168754.0,18544.0,11033818.0,43644.0,22775948.0
2021-07-28,NY,"1,168,983",945,"19,981",5,23234.0,12191988.0,22388.0,11056206.0,44637.0,22820585.0
2021-07-29,NY,"1,170,157","1,174","19,981",0,24367.0,12216355.0,17087.0,11073293.0,40320.0,22860905.0
2021-07-30,NY,"1,171,416","1,259","19,983",2,25689.0,12242044.0,17810.0,11091103.0,41817.0,22902722.0
2021-07-31,NY,"1,172,784","1,368","19,985",2,29867.0,12271911.0,18755.0,11109858.0,47528.0,22950250.0
2021-08-01,NY,"1,174,038","1,254","19,990",5,29451.0,12301362.0,20093.0,11129951.0,47591.0,22997841.0
2021-08-02,NY,"1,174,979",941,"19,990",0,16625.0,12317987.0,10593.0,11140544.0,25710.0,23023551.0
2021-08-03,NY,"1,176,467","1,488","19,991",1,16625.0,12334612.0,10059.0,11150603.0,26139.0,23049690.0
2021-08-04,NY,"1,177,993","1,526","19,996",5,27319.0,12361931.0,15189.0,11165792.0,41428.0,23091118.0
2021-08-05,NY,"1,179,682","1,689","20,000",4,32994.0,12394925.0,20100.0,11185892.0,51302.0,23142420.0
2021-08-06,NY,"1,181,447","1,765","20,002",2,38645.0,12433570.0,20917.0,11206809.0,58229.0,23200649.0
2021-08-07,NY,"1,183,888","2,441","20,009",7,29291.0,12462861.0,15987.0,11222796.0,43437.0,23244086.0
2021-08-08,NY,"1,185,661","1,773","20,014",5,37186.0,12500047.0,19476.0,11242272.0,54724.0,23298810.0
2021-08-09,NY,"1,187,342","1,681","20,020",6,16916.0,12516963.0,8485.0,11250757.0,24234.0,23323044.0
2021-08-10,NY,"1,189,064","1,722","20,028",8,27490.0,12544453.0,14492.0,11265249.0,41538.0,23364582.0
2021-08-11,NY,"1,191,255","2,191","20,039",11,31367.0,12575820.0,16001.0,11281250.0,46412.0,23410994.0
2021-08-12,NY,"1,193,699","2,444","20,052",13,22408.0,12598228.0,13341.0,11294591.0,35964.0,23446958.0
2021-08-13,NY,"1,196,273","2,574","20,060",8,40651.0,12638879.0,25979.0,11320570.0,65456.0,23512414.0
2021-08-14,NY,"1,198,595","2,322","20,069",9,30119.0,12668998.0,20227.0,11340797.0,48789.0,23561203.0
2021-08-15,NY,"1,200,816","2,221","20,080",11,21314.0,12690312.0,15099.0,11355896.0,34795.0,23595998.0
2021-08-16,NY,"1,202,885","2,069","20,086",6,26040.0,12716352.0,18358.0,11374254.0,44657.0,23640655.0
2021-08-17,NY,"1,204,930","2,045","20,096",10,17723.0,12734075.0,14338.0,11388592.0,31669.0,23672324.0
2021-08-18,NY,"1,207,588","2,658","20,111",15,27278.0,12761353.0,19379.0,11407971.0,47695.0,23720019.0
2021-08-19,NY,"1,210,346","2,758","20,123",12,32047.0,12793400.0,22478.0,11430449.0,55428.0,23775447.0
2021-08-20,NY,"1,213,128","2,782","20,135",12,32486.0,12825886.0,23157.0,11453606.0,57076.0,23832523.0
2021-08-21,NY,"1,216,034","2,906","20,148",13,29570.0,12855456.0,22331.0,11475937.0,53431.0,23885954.0
2021-08-22,NY,"1,218,532","2,498","20,164",16,28670.0,12884126.0,22112.0,11498049.0,51385.0,23937339.0
2021-08-23,NY,"1,220,826","2,294","20,177",13,16335.0,12900461.0,13958.0,11512007.0,31784.0,23969123.0
2021-08-24,NY,"1,222,592","1,766","20,185",8,17724.0,12918185.0,14984.0,11526991.0,32963.0,24002086.0
2021-08-25,NY,"1,224,985","2,393","20,196",11,28719.0,12946904.0,23665.0,11550656.0,54850.0,24056936.0
2021-08-26,NY,"1,228,157","3,172","20,212",16,29065.0,12975969.0,24870.0,11575526.0,55792.0,24112728.0
2021-08-27,NY,"1,232,380","4,223","20,226",14,31716.0,13007685.0,27045.0,11602571.0,59410.0,24172138.0
2021-08-28,NY,"1,235,297","2,917","20,248",22,0.0,13007685.0,0.0,11602571.0,0.0,24172138.0
2021-08-29,NY,"1,238,214","2,917","20,270",22,57258.0,13064943.0,52777.0,11655348.0,112259.0,24284397.0
2021-08-30,NY,"1,240,856","2,642","20,278",8,21829.0,13086772.0,21341.0,11676689.0,44105.0,24328502.0
2021-08-31,NY,"1,243,236","2,380","20,290",12,20498.0,13107270.0,20178.0,11696867.0,41704.0,24370206.0
2021-09-01,NY,"1,246,065","2,829","20,308",18,29579.0,13136849.0,28361.0,11725228.0,58677.0,24428883.0
2021-09-02,NY,"1,249,321","3,256","20,332",24,31131.0,13167980.0,29548.0,11754776.0,62927.0,24491810.0
2021-09-03,NY,"1,253,112","3,791","20,352",20,36049.0,13204029.0,31109.0,11785885.0,68510.0,24560320.0
2021-09-04,NY,"1,256,486","3,374","20,370",18,32125.0,13236154.0,26397.0,11812282.0,59949.0,24620269.0
2021-09-05,NY,"1,259,355","2,869","20,392",22,0.0,13236154.0,0.0,11812282.0,0.0,24620269.0
2021-09-06,NY,"1,261,814","2,459","20,410",18,0.0,13236154.0,0.0,11812282.0,0.0,24620269.0
2021-09-07,NY,"1,264,076","2,262","20,436",26,63414.0,13299568.0,56421.0,11868703.0,122638.0,24742907.0
2021-09-08,NY,"1,266,531","2,455","20,456",20,17534.0,13317102.0,17735.0,11886438.0,35684.0,24778591.0
2021-09-09,NY,"1,269,961","3,430","20,471",15,24862.0,13341964.0,24186.0,11910624.0,50625.0,24829216.0
2021-09-10,NY,"1,274,025","4,064","20,498",27,32615.0,13374579.0,34784.0,11945408.0,68393.0,24897609.0
2021-09-11,NY,"1,277,616","3,591","20,518",20,30377.0,13404956.0,25561.0,11970969.0,56657.0,24954266.0
2021-09-12,NY,"1,281,351","3,735","20,538",20,32447.0,13437403.0,29062.0,12000031.0,62624.0,25016890.0
2021-09-13,NY,"1,283,649","2,298","20,555",17,0.0,13437403.0,0.0,12000031.0,0.0,25016890.0
2021-09-14,NY,"1,286,202","2,553","20,576",21,41388.0,13478791.0,32929.0,12032960.0,73712.0,25090602.0
2021-09-15,NY,"1,289,383","3,181","20,601",25,25833.0,13504624.0,22372.0,12055332.0,49108.0,25139710.0
2021-09-16,NY,"1,294,121","4,738","20,628",27,28569.0,13533193.0,27098.0,12082430.0,56149.0,25195859.0
2021-09-17,NY,"1,297,994","3,873","20,651",23,32943.0,13566136.0,28844.0,12111274.0,63095.0,25258954.0
2021-09-18,NY,"1,301,280","3,286","20,670",19,30764.0,13596900.0,30281.0,12141555.0,62388.0,25321342.0
2021-09-19,NY,"1,304,800","3,520","20,695",25,25807.0,13622707.0,27777.0,12169332.0,54579.0,25375921.0
2021-09-20,NY,"1,306,963","2,163","20,716",21,17993.0,13640700.0,19915.0,12189247.0,38062.0,25413983.0
2021-09-21,NY,"1,310,574","3,611","20,745",29,14674.0,13655374.0,14515.0,12203762.0,29183.0,25443166.0
2021-09-22,NY,"1,313,543","2,969","20,770",25,23614.0,13678988.0,23976.0,12227738.0,50119.0,25493285.0
2021-09-23,NY,"1,316,837","3,294","20,799",29,25669.0,13704657.0,26532.0,12254270.0,54681.0,25547966.0
2021-09-24,NY,"1,321,300","4,463","20,818",19,24732.0,13729389.0,22783.0,12277053.0,48456.0,25596422.0
2021-09-25,NY,"1,325,098","3,798","20,842",24,29969.0,13759358.0,26072.0,12303125.0,59375.0,25655797.0
2021-09-26,NY,"1,328,061","2,963","20,871",29,33600.0,13792958.0,27579.0,12330704.0,69682.0,25725479.0
2021-09-27,NY,"1,330,887","2,826","20,887",16,19520.0,13812478.0,17002.0,12347706.0,43467.0,25768946.0
2021-09-28,NY,"1,333,608","2,721","20,908",21,0.0,13812478.0,0.0,12347706.0,0.0,25768946.0
2021-09-29,NY,"1,337,434","3,826","20,938",30,41674.0,13854152.0,31695.0,12379401.0,86960.0,25855906.0
2021-09-30,NY,"1,340,812","3,378","20,968",30,27829.0,13881981.0,22626.0,12402027.0,68568.0,25924474.0
2021-10-01,NY,"1,344,740","3,928","20,991",23,16808.0,13898789.0,15761.0,12417788.0,39182.0,25963656.0
2021-10-02,NY,"1,348,076","3,336","21,009",18,17960.0,13916749.0,17327.0,12435115.0,45331.0,26008987.0
2021-10-03,NY,"1,351,472","3,396","21,033",24,43240.0,13959989.0,41384.0,12476499.0,124166.0,26133153.0
2021-10-04,NY,"1,353,306","1,834","21,047",14,19219.0,13979208.0,20422.0,12496921.0,56871.0,26190024.0
2021-10-05,NY,"1,356,030","2,724","21,075",28,14472.0,13993680.0,14699.0,12511620.0,36533.0,26226557.0
2021-10-06,NY,"1,360,301","4,271","21,098",23,7285.0,14000965.0,6545.0,12518165.0,24563.0,26251120.0
2021-10-07,NY,"1,363,979","3,678","21,118",20,13200.0,14014165.0,12661.0,12530826.0,44336.0,26295456.0
2021-10-08,NY,"1,368,316","4,337","21,151",33,12420.0,14026585.0,10935.0,12541761.0,36257.0,26331713.0
2021-10-09,NY,"1,371,855","3,539","21,179",28,11024.0,14037609.0,10128.0,12551889.0,38847.0,26370560.0
2021-10-10,NY,"1,373,932","2,077","21,204",25,0.0,14037609.0,0.0,12551889.0,0.0,26370560.0
2021-10-11,NY,"1,377,715","3,783","21,226",22,0.0,14037609.0,0.0,12551889.0,0.0,26370560.0
2021-10-12,NY,"1,380,063","2,348","21,251",25,19449.0,14057058.0,19440.0,12571329.0,71322.0,26441882.0
2021-10-13,NY,"1,383,582","3,519","21,276",25,7905.0,14064963.0,7201.0,12578530.0,28517.0,26470399.0
2021-10-14,NY,"1,386,927","3,345","21,314",38,18753.0,14083716.0,21230.0,12599760.0,58102.0,26528501.0
2021-10-15,NY,"1,391,234","4,307","21,336",22,81335.0,14165051.0,97970.0,12697730.0,195751.0,26724252.0
2021-10-16,NY,"1,395,252","4,018","21,355",19,18931.0,14183982.0,22405.0,12720135.0,60688.0,26784940.0
2021-10-17,NY,"1,398,401","3,149","21,386",31,16684.0,14200666.0,21196.0,12741331.0,56686.0,26841626.0
2021-10-18,NY,"1,400,717","2,316","21,407",21,5745.0,14206411.0,6516.0,12747847.0,22876.0,26864502.0
2021-10-19,NY,"1,402,567","1,850","21,432",25,16784.0,14223195.0,21616.0,12769463.0,47301.0,26911803.0
2021-10-20,NY,"1,406,104","3,537","21,458",26,15235.0,14238430.0,18362.0,12787825.0,47494.0,26959297.0
2021-10-21,NY,"1,409,282","3,178","21,498",40,17437.0,14255867.0,19573.0,12807398.0,54201.0,27013498.0
2021-10-22,NY,"1,412,017","2,735","21,518",20,26182.0,14282049.0,24590.0,12831988.0,49430.0,27062928.0
2021-10-23,NY,"1,415,481","3,464","21,549",31,17274.0,14299323.0,18752.0,12850740.0,52577.0,27115505.0
2021-10-24,NY,"1,417,633","2,152","21,573",24,13556.0,14312879.0,14789.0,12865529.0,44486.0,27159991.0
2021-10-25,NY,"1,419,988","2,355","21,594",21,11865.0,14324744.0,11132.0,12876661.0,39501.0,27199492.0
2021-10-26,NY,"1,421,629","1,641","21,626",32,13776.0,14338520.0,12226.0,12888887.0,39049.0,27238541.0
2021-10-27,NY,"1,425,129","3,500","21,656",30,23222.0,14361742.0,15153.0,12904040.0,64838.0,27303379.0
2021-10-28,NY,"1,428,328","3,199","21,680",24,27383.0,14389125.0,20067.0,12924107.0,84598.0,27387977.0
2021-10-29,NY,"1,432,516","4,188","21,707",27,26534.0,14415659.0,18851.0,12942958.0,83936.0,27471913.0
2021-10-30,NY,"1,435,659","3,143","21,734",27,26173.0,14441832.0,17563.0,12960521.0,78738.0,27550651.0
2021-10-31,NY,"1,438,453","2,794","21,760",26,22943.0,14464775.0,18132.0,12978653.0,81755.0,27632406.0
2021-11-01,NY,"1,440,632","2,179","21,786",26,12632.0,14477407.0,9139.0,12987792.0,43163.0,27675569.0
2021-11-02,NY,"1,442,927","2,295","21,800",14,12951.0,14490358.0,9314.0,12997106.0,39115.0,27714684.0
2021-11-03,NY,"1,446,157","3,230","21,513",35,19058.0,14509416.0,14000.0,13011106.0,62280.0,27776964.0
2021-11-04,NY,"1,449,814","3,657","21,542",29,17824.0,14527240.0,14569.0,13025675.0,61735.0,27838699.0
2021-11-05,NY,"1,453,696","3,882","21,570",28,17591.0,14544831.0,12740.0,13038415.0,63858.0,27902557.0
2021-11-06,NY,"1,457,547","3,851","21,604",34,18696.0,14563527.0,13351.0,13051766.0,65424.0,27967981.0
2021-11-07,NY,"1,461,262","3,715","21,624",20,24368.0,14587895.0,16599.0,13068365.0,76155.0,28044136.0
2021-11-08,NY,"1,463,956","2,694","21,646",22,18418.0,14606313.0,11812.0,13080177.0,69110.0,28113246.0
2021-11-09,NY,"1,467,214","3,258","21,676",30,12176.0,14618489.0,7790.0,13087967.0,34478.0,28147724.0
2021-11-10,NY,"1,471,378","4,164","21,701",25,24376.0,14642865.0,13545.0,13101512.0,74264.0,28221988.0
2021-11-11,NY,"1,476,679","5,301","21,735",34,0.0,14642865.0,0.0,13101512.0,0.0,28221988.0
2021-11-12,NY,"1,481,688","5,009","21,760",25,38312.0,14681177.0,20766.0,13122278.0,94474.0,28316462.0
2021-11-13,NY,"1,486,783","5,095","21,775",15,45421.0,14726598.0,18673.0,13140951.0,137625.0,28454087.0
2021-11-14,NY,"1,490,979","4,196","21,796",21,36533.0,14763131.0,12214.0,13153165.0,101574.0,28555661.0
2021-11-15,NY,"1,494,504","3,525","21,820",24,25041.0,14788172.0,7429.0,13160594.0,61727.0,28617388.0
2021-11-16,NY,"1,498,463","3,959","21,846",26,26344.0,14814516.0,9277.0,13169871.0,66156.0,28683544.0
2021-11-17,NY,"1,503,387","4,924","21,867",21,30421.0,14844937.0,12825.0,13182696.0,91756.0,28775300.0
2021-11-18,NY,"1,509,904","6,517","21,894",27,0.0,14844937.0,0.0,13182696.0,0.0,28775300.0
2021-11-19,NY,"1,515,921","6,017","21,925",31,39639.0,14884576.0,15730.0,13198426.0,120691.0,28895991.0
2021-11-20,NY,"1,521,477","5,556","21,943",18,36913.0,14921489.0,15073.0,13213499.0,116158.0,29012149.0
2021-11-21,NY,"1,526,969","5,492","21,967",24,36193.0,14957682.0,15055.0,13228554.0,118688.0,29130837.0
2021-11-22,NY,"1,531,063","4,094","21,994",27,67259.0,15024941.0,19857.0,13248411.0,187886.0,29318723.0
2021-11-23,NY,"1,535,193","4,130","22,018",24,0.0,15024941.0,0.0,13248411.0,0.0,29318723.0
2021-11-24,NY,"1,540,890","5,697","22,043",25,50100.0,15075041.0,19705.0,13268116.0,158968.0,29477691.0
2021-11-25,NY,"1,547,652","6,762","22,067",24,0.0,15075041.0,0.0,13268116.0,0.0,29477691.0
2021-11-26,NY,"1,552,589","4,937","22,067",0,0.0,15075041.0,0.0,13268116.0,0.0,29477691.0
2021-11-27,NY,"1,555,836","3,247","22,123",56,0.0,15075041.0,0.0,13268116.0,0.0,29477691.0
2021-11-28,NY,"1,560,342","4,506","22,150",27,0.0,15075041.0,0.0,13268116.0,0.0,29477691.0
2021-11-29,NY,"1,564,336","3,994","22,185",35,0.0,15075041.0,0.0,13268116.0,0.0,29477691.0
2021-11-30,NY,"1,569,506","5,170","22,221",36,145029.0,15220070.0,56636.0,13324752.0,443847.0,29921538.0
2021-12-01,NY,"1,577,143","7,637","22,259",38,32767.0,15252837.0,17087.0,13341839.0,104618.0,30026156.0
2021-12-02,NY,"1,586,079","8,936","22,302",43,37659.0,15290496.0,19981.0,13361820.0,124967.0,30151123.0
2021-12-03,NY,"1,594,932","8,853","22,344",42,46352.0,15336848.0,22452.0,13384272.0,156523.0,30307646.0
2021-12-04,NY,"1,602,574","7,642","22,374",30,43597.0,15380445.0,22679.0,13406951.0,154052.0,30461698.0
2021-12-05,NY,"1,610,404","7,830","22,406",32,39016.0,15419461.0,27456.0,13434407.0,140063.0,30601761.0
2021-12-06,NY,"1,614,961","4,557","22,449",43,23591.0,15443052.0,18002.0,13452409.0,84928.0,30686689.0
2021-12-07,NY,"1,621,012","6,051","22,491",42,25106.0,15468158.0,14435.0,13466844.0,85383.0,30772072.0
2021-12-08,NY,"1,628,255","7,243","22,524",33,34579.0,15502737.0,21845.0,13488689.0,135555.0,30907627.0
2021-12-09,NY,"1,636,493","8,238","22,567",43,38851.0,15541588.0,24316.0,13513005.0,149327.0,31056954.0
2021-12-10,NY,"1,644,585","8,092","22,616",49,145870.0,15687458.0,133634.0,13646639.0,937509.0,31994463.0
2021-12-11,NY,"1,652,457","7,872","22,666",50,38554.0,15726012.0,25096.0,13671735.0,150924.0,32145387.0
2021-12-12,NY,"1,659,741","7,284","22,715",49,33373.0,15759385.0,26158.0,13697893.0,130957.0,32276344.0
2021-12-13,NY,"1,664,910","5,169","22,753",38,19305.0,15778690.0,13081.0,13710974.0,69744.0,32346088.0
2021-12-14,NY,"1,670,052","5,142","22,796",43,21405.0,15800095.0,13069.0,13724043.0,75617.0,32421705.0
2021-12-15,NY,"1,677,912","7,860","22,851",55,0.0,15800095.0,0.0,13724043.0,0.0,32421705.0
2021-12-16,NY,"1,687,870","9,958","22,891",40,33320.0,15833415.0,19904.0,13743947.0,129308.0,32551013.0
2021-12-17,NY,"1,698,611","10,741","22,944",53,68948.0,15902363.0,37722.0,13781669.0,264824.0,32815837.0
2021-12-18,NY,"1,708,930","10,319","22,992",48,0.0,15902363.0,0.0,13781669.0,0.0,32815837.0
2021-12-19,NY,"1,719,004","10,074","23,031",39,85342.0,15987705.0,36668.0,13818337.0,300488.0,33116325.0
2021-12-20,NY,"1,727,150","8,146","23,080",49,26101.0,16013806.0,11334.0,13829671.0,83168.0,33199493.0
2021-12-21,NY,"1,735,648","8,498","23,121",41,25353.0,16039159.0,11135.0,13840806.0,86852.0,33286345.0
2021-12-22,NY,"1,747,351","11,703","23,166",45,39825.0,16078984.0,14825.0,13855631.0,130619.0,33416964.0
2021-12-23,NY,"1,763,378","16,027","23,222",56,47219.0,16126203.0,18589.0,13874220.0,161109.0,33578073.0
2021-12-24,NY,"1,780,756","17,378","23,271",49,0.0,16126203.0,0.0,13874220.0,0.0,33578073.0
2021-12-25,NY,"1,780,756",0,"23,271",0,0.0,16126203.0,0.0,13874220.0,0.0,33578073.0
2021-12-26,NY,"1,812,090","31,334","23,314",43,0.0,16126203.0,0.0,13874220.0,0.0,33578073.0
2021-12-27,NY,"1,820,459","8,369","23,404",90,100731.0,16226934.0,40346.0,13914566.0,321286.0,33899359.0
2021-12-28,NY,"1,833,465","13,006","23,446",42,30019.0,16256953.0,12710.0,13927276.0,83445.0,33982804.0
2021-12-29,NY,"1,860,964","27,499","23,516",70,43748.0,16300701.0,17247.0,13944523.0,134453.0,34117257.0
2021-12-30,NY,"1,891,186","30,222","23,568",52,43254.0,16343955.0,17266.0,13961789.0,139257.0,34256514.0
2021-12-31,NY,"1,924,606","33,420","23,611",43,0.0,16343955.0,0.0,13961789.0,0.0,34256514.0
2020-10-01,TX,"752,501","3,534","16,973",61,,,,,,
2020-10-02,TX,"756,004","3,503","17,034",61,,,,,,
2020-10-03,TX,"763,010","7,006","17,096",62,,,,,,
2020-10-04,TX,"765,894","2,884","17,156",60,,,,,,
2020-10-05,TX,"769,303","3,409","17,235",79,,,,,,
2020-10-06,TX,"773,435","4,132","17,294",59,,,,,,
2020-10-07,TX,"777,556","4,121","17,350",56,,,,,,
2020-10-08,TX,"781,794","4,238","17,413",63,,,,,,
2020-10-09,TX,"785,830","4,036","17,478",65,,,,,,
2020-10-10,TX,"790,060","4,230","17,548",70,,,,,,
2020-10-11,TX,"792,478","2,418","17,599",51,,,,,,
2020-10-12,TX,"795,126","2,648","17,670",71,,,,,,
2020-10-13,TX,"800,256","5,130","17,741",71,,,,,,
2020-10-14,TX,"805,082","4,826","17,816",75,,,,,,
2020-10-15,TX,"809,808","4,726","17,898",82,,,,,,
2020-10-16,TX,"815,678","5,870","17,971",73,,,,,,
2020-10-17,TX,"820,563","4,885","18,050",79,,,,,,
2020-10-18,TX,"823,779","3,216","18,131",81,,,,,,
2020-10-19,TX,"828,527","4,748","18,216",85,,,,,,
2020-10-20,TX,"833,557","5,030","18,294",78,,,,,,
2020-10-21,TX,"838,809","5,252","18,386",92,,,,,,
2020-10-22,TX,"845,100","6,291","18,474",88,,,,,,
2020-10-23,TX,"851,572","6,472","18,566",92,,,,,,
2020-10-24,TX,"858,071","6,499","18,663",97,,,,,,
2020-10-25,TX,"862,375","4,304","18,742",79,,,,,,
2020-10-26,TX,"867,075","4,700","18,856",114,,,,,,
2020-10-27,TX,"874,367","7,292","18,978",122,,,,,,
2020-10-28,TX,"879,994","5,627","19,101",123,,,,,,
2020-10-29,TX,"886,820","6,826","19,236",135,,,,,,
2020-10-30,TX,"893,451","6,631","19,360",124,,,,,,
2020-10-31,TX,"900,596","7,145","19,471",111,,,,,,
2020-11-01,TX,"972,330","4,259","19,588",117,,,,,,
2020-11-02,TX,"977,785","5,455","19,720",132,,,,,,
2020-11-03,TX,"988,450","10,665","19,861",141,,,,,,
2020-11-04,TX,"998,267","9,817","19,988",127,,,,,,
2020-11-05,TX,"1,008,438","10,171","20,137",149,,,,,,
2020-11-06,TX,"1,017,677","9,239","20,283",146,,,,,,
2020-11-07,TX,"1,027,237","9,560","20,399",116,,,,,,
2020-11-08,TX,"1,034,115","6,878","20,528",129,,,,,,
2020-11-09,TX,"1,038,964","4,849","20,675",147,,,,,,
2020-11-10,TX,"1,051,899","12,935","20,825",150,,,,,,
2020-11-11,TX,"1,065,065","13,166","20,991",166,,,,,,
2020-11-12,TX,"1,075,654","10,589","21,149",158,,,,,,
2020-11-13,TX,"1,088,970","13,316","21,315",166,,,,,,
2020-11-14,TX,"1,100,479","11,509","21,450",135,,,,,,
2020-11-15,TX,"1,108,402","7,923","21,599",149,,,,,,
2020-11-16,TX,"1,116,230","7,828","21,772",173,,,,,,
2020-11-17,TX,"1,129,873","13,643","21,960",188,,,,,,
2020-11-18,TX,"1,140,860","10,987","22,119",159,,,,,,
2020-11-19,TX,"1,155,130","14,270","22,288",169,,,,,,
2020-11-20,TX,"1,168,925","13,795","22,463",175,,,,,,
2020-11-21,TX,"1,183,847","14,922","22,618",155,,,,,,
2020-11-22,TX,"1,193,616","9,769","22,791",173,,,,,,
2020-11-23,TX,"1,201,257","7,641","22,970",179,,,,,,
2020-11-24,TX,"1,217,837","16,580","23,167",197,,,,,,
2020-11-25,TX,"1,236,648","18,811","23,357",190,,,,,,
2020-11-26,TX,"1,251,345","14,697","23,528",171,,,,,,
2020-11-27,TX,"1,255,332","3,987","23,721",193,,,,,,
2020-11-28,TX,"1,259,657","4,325","23,898",177,,,,,,
2020-11-29,TX,"1,266,707","7,050","24,069",171,,,,,,
2020-11-30,TX,"1,278,432","11,725","24,255",186,,,,,,
2020-12-01,TX,"1,296,972","18,540","24,455",200,,,,,,
2020-12-02,TX,"1,316,194","19,222","24,635",180,,,,,,
2020-12-03,TX,"1,333,746","17,552","24,830",195,,,,,,
2020-12-04,TX,"1,350,542","16,796","25,057",227,,,,,,
2020-12-05,TX,"1,364,933","14,391","25,249",192,,,,,,
2020-12-06,TX,"1,375,313","10,380","25,426",177,,,,,,
2020-12-07,TX,"1,384,804","9,491","25,653",227,,,,,,
2020-12-08,TX,"1,404,646","19,842","25,850",197,,,,,,
2020-12-09,TX,"1,418,252","13,606","26,080",230,,,,,,
2020-12-10,TX,"1,433,551","15,299","26,310",230,,,,,,
2020-12-11,TX,"1,448,002","14,451","26,539",229,,,,,,
2020-12-12,TX,"1,464,374","16,372","26,767",228,,,,,,
2020-12-13,TX,"1,472,711","8,337","26,962",195,,,,,,
2020-12-14,TX,"1,482,141","9,430","27,183",221,,,,,,
2020-12-15,TX,"1,500,538","18,397","27,402",219,,,,,,
2020-12-16,TX,"1,519,340","18,802","27,616",214,,,,,,
2020-12-17,TX,"1,539,189","19,849","27,851",235,,,,,,
2020-12-18,TX,"1,555,981","16,792","28,096",245,,,,,,
2020-12-19,TX,"1,573,888","17,907","28,318",222,,,,,,
2020-12-20,TX,"1,581,668","7,780","28,550",232,,,,,,
2020-12-21,TX,"1,591,948","10,280","28,782",232,,,,,,
2020-12-22,TX,"1,613,095","21,147","29,019",237,,,,,,
2020-12-23,TX,"1,636,458","23,363","29,260",241,,,,,,
2020-12-24,TX,"1,653,522","17,064","29,496",236,,,,,,
2020-12-25,TX,"1,657,857","4,335","29,718",222,,,,,,
2020-12-26,TX,"1,660,551","2,694","29,948",230,,,,,,
2020-12-27,TX,"1,668,597","8,046","30,206",258,,,,,,
2020-12-28,TX,"1,683,426","14,829","30,438",232,,,,,,
2020-12-29,TX,"1,715,978","32,552","30,720",282,,,,,,
2020-12-30,TX,"1,737,447","21,469","31,016",296,,,,,,
2020-12-31,TX,"1,756,172","18,725","31,282",266,,,,,,
2021-01-01,TX,"1,772,483","16,311","31,558",276,,,,,,
2021-01-02,TX,"1,777,246","4,763","31,823",265,,,,,,
2021-01-03,TX,"1,793,341","16,095","32,125",302,,,,,,
2021-01-04,TX,"1,811,523","18,182","32,453",328,,,,,,
2021-01-05,TX,"1,843,153","31,630","32,779",326,,,,,,
2021-01-06,TX,"1,867,163","24,010","33,124",345,,,,,,
2021-01-07,TX,"1,891,741","24,578","33,467",343,,,,,,
2021-01-08,TX,"1,915,261","23,520","33,807",340,,,,,,
2021-01-09,TX,"1,938,551","23,290","34,181",374,,,,,,
2021-01-10,TX,"1,954,406","15,855","34,485",304,,,,,,
2021-01-11,TX,"1,969,240","14,834","34,814",329,,,,,,
2021-01-12,TX,"1,995,292","26,052","35,174",360,,809148.0,,101317.0,,911461.0
2021-01-13,TX,"2,021,374","26,082","35,561",387,51924.0,861072.0,14648.0,115965.0,66581.0,978042.0
2021-01-14,TX,"2,045,699","24,325","35,926",365,56315.0,917387.0,0.0,,65582.0,1043624.0
2021-01-15,TX,"2,072,903","27,204","36,253",327,86025.0,1003412.0,39695.0,155660.0,116618.0,1160242.0
2021-01-16,TX,"2,097,560","24,657","36,563",310,,,,,,
2021-01-17,TX,"2,113,962","16,402","36,894",331,,,,,,
2021-01-18,TX,"2,125,552","11,590","37,203",309,,,,,,
2021-01-19,TX,"2,135,028","9,476","37,538",335,219540.0,1222952.0,24141.0,179801.0,243747.0,1403989.0
2021-01-20,TX,"2,166,283","31,255","37,876",338,60046.0,1282998.0,7702.0,187503.0,67757.0,1471746.0
2021-01-21,TX,"2,188,643","22,360","38,230",354,54708.0,1337706.0,18035.0,205538.0,72805.0,1544551.0
2021-01-22,TX,"2,211,289","22,646","38,525",295,75061.0,1412767.0,25058.0,230596.0,100230.0,1644781.0
2021-01-23,TX,"2,228,961","17,672","38,815",290,61804.0,1474571.0,21219.0,251815.0,83088.0,1727869.0
2021-01-24,TX,"2,240,526","11,565","39,144",329,28180.0,1502751.0,7241.0,259056.0,35430.0,1763299.0
2021-01-25,TX,"2,246,845","6,319","39,460",316,29630.0,1532381.0,11062.0,270118.0,40707.0,1804006.0
2021-01-26,TX,"2,273,119","26,274","39,787",327,82267.0,1614648.0,31566.0,301684.0,113890.0,1917896.0
2021-01-27,TX,"2,292,732","19,613","40,100",313,33927.0,1648575.0,22528.0,324212.0,56478.0,1974374.0
2021-01-28,TX,"2,310,952","18,220","40,379",279,83150.0,1731725.0,49412.0,373624.0,132631.0,2107005.0
2021-01-29,TX,"2,330,028","19,076","40,654",275,72566.0,1804291.0,40220.0,413844.0,112862.0,2219867.0
2021-01-30,TX,"2,349,142","19,114","40,928",274,82522.0,1886813.0,38196.0,452040.0,120791.0,2340658.0
2021-01-31,TX,"2,360,632","11,490","41,189",261,41414.0,1928227.0,26772.0,478812.0,68221.0,2408879.0
2021-02-01,TX,"2,392,443","31,811","41,422",233,63328.0,1991555.0,23982.0,502794.0,87353.0,2496232.0
2021-02-02,TX,"2,415,490","23,047","41,666",244,0.0,1991555.0,0.0,502794.0,0.0,2496232.0
2021-02-03,TX,"2,433,110","17,620","41,934",268,94938.0,2086493.0,61639.0,564433.0,156664.0,2652896.0
2021-02-04,TX,"2,448,393","15,283","42,207",273,94817.0,2181310.0,57558.0,621991.0,152463.0,2805359.0
2021-02-05,TX,"2,462,886","14,493","42,455",248,76560.0,2257870.0,48791.0,670782.0,125408.0,2930767.0
2021-02-06,TX,"2,476,783","13,897","42,676",221,113441.0,2371311.0,63604.0,734386.0,177169.0,3107936.0
2021-02-07,TX,"2,483,187","6,404","42,882",206,93157.0,2464468.0,45471.0,779857.0,138702.0,3246638.0
2021-02-08,TX,"2,491,227","8,040","43,099",217,48336.0,2512804.0,27028.0,806885.0,75424.0,3322062.0
2021-02-09,TX,"2,504,556","13,329","43,306",207,77081.0,2589885.0,36951.0,843836.0,114118.0,3436180.0
2021-02-10,TX,"2,517,453","12,897","43,534",228,82467.0,2672352.0,49931.0,893767.0,132438.0,3568618.0
2021-02-11,TX,"2,529,343","11,890","43,708",174,72953.0,2745305.0,66750.0,960517.0,139842.0,3708460.0
2021-02-12,TX,"2,541,845","12,502","43,902",194,89056.0,2834361.0,75867.0,1036384.0,165121.0,3873581.0
2021-02-13,TX,"2,553,127","11,282","44,095",193,66889.0,2901250.0,67370.0,1103754.0,134405.0,4007986.0
2021-02-14,TX,"2,560,060","6,933","44,267",172,69346.0,2970596.0,56242.0,1159996.0,125761.0,4133747.0
2021-02-15,TX,"2,563,949","3,889","44,427",160,,,,,0.0,4133747.0
2021-02-16,TX,"2,567,297","3,348","44,584",157,67190.0,3037786.0,55240.0,1215236.0,122636.0,4256383.0
2021-02-17,TX,"2,571,063","3,766","44,768",184,21970.0,3059756.0,33849.0,1249085.0,55918.0,4312301.0
2021-02-18,TX,"2,574,194","3,131","44,954",186,11254.0,3071010.0,10152.0,1259237.0,21425.0,4333726.0
2021-02-19,TX,"2,577,131","2,937","45,153",199,134874.0,3205884.0,72031.0,1331268.0,208896.0,4542622.0
2021-02-20,TX,"2,583,617","6,486","45,317",164,35892.0,3241776.0,36050.0,1367318.0,72075.0,4614697.0
2021-02-21,TX,"2,588,101","4,484","45,462",145,25479.0,3267255.0,33606.0,1400924.0,59171.0,4673868.0
2021-02-22,TX,"2,594,466","6,365","45,631",169,31753.0,3299008.0,33371.0,1434295.0,37312.0,4711180.0
2021-02-23,TX,"2,606,275","11,809","45,776",145,,3330051.0,,,89106.0,4800286.0
2021-02-24,TX,"2,613,792","7,517","45,902",126,0.0,3330051.0,,,0.0,4800286.0
2021-02-25,TX,"2,621,155","7,363","46,033",131,53251.0,3383302.0,164656.0,1598951.0,123674.0,4923960.0
2021-02-26,TX,"2,629,116","7,961","46,188",155,-2202.0,3381100.0,83358.0,1682309.0,349117.0,5273077.0
2021-02-27,TX,"2,640,209","11,093","46,301",113,64538.0,3445638.0,46147.0,1728456.0,121884.0,5394961.0
2021-02-28,TX,"2,644,024","3,815","46,402",101,87462.0,3533100.0,75662.0,1804118.0,171651.0,5566612.0
2021-03-01,TX,"2,647,845","3,821","46,538",136,0.0,3533100.0,0.0,1804118.0,5884.0,5572496.0
2021-03-02,TX,"2,655,592","7,747","46,638",100,202097.0,3735197.0,180365.0,1984483.0,384133.0,5956629.0
2021-03-03,TX,"2,663,414","7,822","46,753",115,115051.0,3850248.0,114164.0,2098647.0,234921.0,6191550.0
2021-03-04,TX,"2,671,442","8,028","46,858",105,104957.0,3955205.0,75680.0,2174327.0,187544.0,6379094.0
2021-03-05,TX,"2,678,295","6,853","46,960",102,0.0,3955205.0,60818.0,2235145.0,0.0,6379094.0
2021-03-06,TX,"2,683,865","5,570","47,057",97,291749.0,4246954.0,81152.0,2316297.0,450181.0,6829275.0
2021-03-07,TX,"2,686,818","2,953","47,135",78,66368.0,4313322.0,34999.0,2351296.0,108892.0,6938167.0
2021-03-08,TX,"2,689,413","2,595","47,237",102,93251.0,4406573.0,40958.0,2392254.0,133339.0,7071506.0
2021-03-09,TX,"2,694,726","5,313","47,315",78,168326.0,4574899.0,68666.0,2460920.0,228360.0,7299866.0
2021-03-10,TX,"2,699,589","4,863","47,416",101,165705.0,4740604.0,77828.0,2538748.0,229789.0,7529655.0
2021-03-11,TX,"2,704,344","4,755","47,509",93,153209.0,4893813.0,-2538748.0,0.0,201009.0,7730664.0
2021-03-12,TX,"2,710,849","6,505","47,584",75,206533.0,5100346.0,0.0,0.0,274826.0,8005490.0
2021-03-13,TX,"2,715,755","4,906","47,660",76,0.0,5100346.0,2691427.0,2691427.0,0.0,8005490.0
2021-03-14,TX,"2,718,383","2,628","47,724",64,317212.0,5417558.0,136284.0,2827711.0,416456.0,8421946.0
2021-03-15,TX,"2,721,126","2,743","47,807",83,91673.0,5509231.0,38801.0,2866512.0,125727.0,8547673.0
2021-03-16,TX,"2,726,194","5,068","47,886",79,92087.0,5601318.0,30988.0,2897500.0,113213.0,8660886.0
2021-03-17,TX,"2,731,270","5,076","47,967",81,149271.0,5750589.0,43937.0,2941437.0,189491.0,8850377.0
2021-03-18,TX,"2,735,811","4,541","48,039",72,161580.0,5912169.0,44681.0,2986118.0,204660.0,9055037.0
2021-03-19,TX,"2,739,385","3,574","48,101",62,140487.0,6052656.0,45542.0,3031660.0,182315.0,9237352.0
2021-03-20,TX,"2,743,179","3,794","48,175",74,142903.0,6195559.0,52434.0,3084094.0,191164.0,9428516.0
2021-03-21,TX,"2,745,161","1,982","48,232",57,125293.0,6320852.0,59268.0,3143362.0,183351.0,9611867.0
2021-03-22,TX,"2,747,693","2,532","48,293",61,69651.0,6390503.0,48161.0,3191523.0,122598.0,9734465.0
2021-03-23,TX,"2,752,288","4,595","48,349",56,76988.0,6467491.0,37380.0,3228903.0,110717.0,9845182.0
2021-03-24,TX,"2,756,632","4,344","48,403",54,-13655.0,6453836.0,6388.0,3235291.0,-3593.0,9841589.0
2021-03-25,TX,"2,759,866","3,234","48,453",50,189057.0,6642893.0,106390.0,3341681.0,292028.0,10133617.0
2021-03-26,TX,"2,765,446","5,580","48,505",52,176530.0,6819423.0,104403.0,3446084.0,287302.0,10420919.0
2021-03-27,TX,"2,768,665","3,219","48,560",55,149846.0,6969269.0,131722.0,3577806.0,279742.0,10700661.0
2021-03-28,TX,"2,772,080","3,415","48,603",43,130268.0,7099537.0,106630.0,3684436.0,241307.0,10941968.0
2021-03-29,TX,"2,775,669","3,589","48,649",46,111686.0,7211223.0,71745.0,3756181.0,188247.0,11130215.0
2021-03-30,TX,"2,778,808","3,139","48,677",28,124976.0,7336199.0,107062.0,3863243.0,227109.0,11357324.0
2021-03-31,TX,"2,783,305","4,497","48,724",47,140671.0,7476870.0,109850.0,3973093.0,246764.0,11604088.0
2021-04-01,TX,"2,786,642","3,337","48,773",49,171917.0,7648787.0,180482.0,4153575.0,346881.0,11950969.0
2021-04-02,TX,"2,790,160","3,518","48,816",43,185521.0,7834308.0,186313.0,4339888.0,367148.0,12318117.0
2021-04-03,TX,"2,791,810","1,650","48,859",43,133789.0,7968097.0,114693.0,4454581.0,247012.0,12565129.0
2021-04-04,TX,"2,793,524","1,714","48,895",36,132189.0,8100286.0,109429.0,4564010.0,243114.0,12808243.0
2021-04-05,TX,"2,794,483",959,"48,933",38,151129.0,8251415.0,106832.0,4670842.0,257001.0,13065244.0
2021-04-06,TX,"2,800,254","5,771","48,981",48,119080.0,8370495.0,125869.0,4796711.0,232467.0,13297711.0
2021-04-07,TX,"2,804,798","4,544","49,026",45,131030.0,8501525.0,115945.0,4912656.0,235681.0,13533392.0
2021-04-08,TX,"2,809,497","4,699","49,060",34,155768.0,8657293.0,156606.0,5069262.0,292582.0,13825974.0
2021-04-09,TX,"2,812,899","3,402","49,104",44,226173.0,8883466.0,195273.0,5264535.0,393732.0,14219706.0
2021-04-10,TX,"2,816,097","3,198","49,145",41,0.0,8883466.0,0.0,5264535.0,0.0,14219706.0
2021-04-11,TX,"2,817,869","1,772","49,181",36,260075.0,9143541.0,237633.0,5502168.0,466249.0,14685955.0
2021-04-12,TX,"2,819,529","1,660","49,227",46,258049.0,9401590.0,256618.0,5758786.0,465776.0,15151731.0
2021-04-13,TX,"2,826,806","7,277","49,275",48,120667.0,9522257.0,108706.0,5867492.0,191656.0,15343387.0
2021-04-14,TX,"2,830,142","3,336","49,321",46,148438.0,9670695.0,132771.0,6000263.0,266733.0,15610120.0
2021-04-15,TX,"2,833,504","3,362","49,357",36,142433.0,9813128.0,158512.0,6158775.0,287830.0,15897950.0
2021-04-16,TX,"2,836,978","3,474","49,396",39,129067.0,9942195.0,139258.0,6298033.0,269994.0,16167944.0
2021-04-17,TX,"2,839,660","2,682","49,435",39,137940.0,10080135.0,110730.0,6408763.0,251229.0,16419173.0
2021-04-18,TX,"2,841,564","1,904","49,487",52,66095.0,10146230.0,49944.0,6458707.0,119909.0,16539082.0
2021-04-19,TX,"2,842,763","1,199","49,521",34,99201.0,10245431.0,103003.0,6561710.0,206032.0,16745114.0
2021-04-20,TX,"2,848,820","6,057","49,561",40,0.0,10245431.0,0.0,6561710.0,0.0,16745114.0
2021-04-21,TX,"2,853,676","4,856","49,599",38,143571.0,10389002.0,173069.0,6734779.0,320556.0,17065670.0
2021-04-22,TX,"2,857,017","3,341","49,638",39,88067.0,10477069.0,148121.0,6882900.0,241941.0,17307611.0
2021-04-23,TX,"2,860,489","3,472","49,683",45,90630.0,10567699.0,140572.0,7023472.0,236077.0,17543688.0
2021-04-24,TX,"2,862,938","2,449","49,722",39,101050.0,10668749.0,131704.0,7155176.0,238483.0,17782171.0
2021-04-25,TX,"2,864,345","1,407","49,759",37,78896.0,10747645.0,112611.0,7267787.0,196918.0,17979089.0
2021-04-26,TX,"2,866,263","1,918","49,788",29,49042.0,10796687.0,64298.0,7332085.0,114650.0,18093739.0
2021-04-27,TX,"2,871,871","5,608","49,832",44,52899.0,10849586.0,72239.0,7404324.0,124824.0,18218563.0
2021-04-28,TX,"2,876,140","4,269","49,874",42,66361.0,10915947.0,107700.0,7512024.0,177019.0,18395582.0
2021-04-29,TX,"2,879,712","3,572","49,913",39,83310.0,10999257.0,142570.0,7654594.0,226606.0,18622188.0
2021-04-30,TX,"2,883,227","3,515","49,945",32,93232.0,11092489.0,171415.0,7826009.0,263483.0,18885671.0
2021-05-01,TX,"2,886,713","3,486","49,980",35,72248.0,11164737.0,134955.0,7960964.0,204584.0,19090255.0
2021-05-02,TX,"2,888,020","1,307","50,011",31,0.0,11164737.0,0.0,7960964.0,0.0,19090255.0
2021-05-03,TX,"2,889,561","1,541","50,047",36,61610.0,11226347.0,120666.0,8081630.0,186394.0,19276649.0
2021-05-04,TX,"2,893,714","4,153","50,093",46,26670.0,11253017.0,48547.0,8130177.0,73544.0,19350193.0
2021-05-05,TX,"2,896,218","2,504","50,132",39,53797.0,11306814.0,117466.0,8247643.0,169643.0,19519836.0
2021-05-06,TX,"2,898,578","2,360","50,171",39,52829.0,11359643.0,117844.0,8365487.0,170439.0,19690275.0
2021-05-07,TX,"2,901,504","2,926","50,198",27,54043.0,11413686.0,142147.0,8507634.0,194454.0,19884729.0
2021-05-08,TX,"2,903,694","2,190","50,229",31,53410.0,11467096.0,122248.0,8629882.0,175796.0,20060525.0
2021-05-09,TX,"2,905,110","1,416","50,258",29,41690.0,11508786.0,112727.0,8742609.0,154760.0,20215285.0
2021-05-10,TX,"2,905,863",753,"50,292",34,29136.0,11537922.0,64023.0,8806632.0,89259.0,20304544.0
2021-05-11,TX,"2,909,829","3,966","50,328",36,36678.0,11574600.0,68640.0,8875272.0,99074.0,20403618.0
2021-05-12,TX,"2,912,195","2,366","50,354",26,45895.0,11620495.0,87595.0,8962867.0,129646.0,20533264.0
2021-05-13,TX,"2,914,643","2,448","50,385",31,43224.0,11663719.0,96089.0,9058956.0,138214.0,20671478.0
2021-05-14,TX,"2,917,256","2,613","50,422",37,50541.0,11714260.0,97237.0,9156193.0,144561.0,20816039.0
2021-05-15,TX,"2,919,239","1,983","50,461",39,76287.0,11790547.0,108756.0,9264949.0,165516.0,20981555.0
2021-05-16,TX,"2,919,889",650,"50,487",26,91133.0,11881680.0,112366.0,9377315.0,198233.0,21179788.0
2021-05-17,TX,"2,920,389",500,"50,525",38,0.0,11881680.0,0.0,9377315.0,0.0,21179788.0
2021-05-18,TX,"2,924,466","4,077","50,563",38,135532.0,12017212.0,127702.0,9505017.0,251133.0,21430921.0
2021-05-19,TX,"2,926,481","2,015","50,589",26,76855.0,12094067.0,81129.0,9586146.0,155010.0,21585931.0
2021-05-20,TX,"2,928,384","1,903","50,618",29,68406.0,12162473.0,68151.0,9654297.0,133320.0,21719251.0
2021-05-21,TX,"2,929,961","1,577","50,649",31,0.0,12162473.0,0.0,9654297.0,0.0,21719251.0
2021-05-22,TX,"2,931,314","1,353","50,672",23,169972.0,12332445.0,158520.0,9812817.0,321929.0,22041180.0
2021-05-23,TX,"2,932,082",768,"50,710",38,69448.0,12401893.0,65349.0,9878166.0,134310.0,22175490.0
2021-05-24,TX,"2,932,769",687,"50,743",33,48910.0,12450803.0,39033.0,9917199.0,84668.0,22260158.0
2021-05-25,TX,"2,936,733","3,964","50,776",33,57395.0,12508198.0,49035.0,9966234.0,100035.0,22360193.0
2021-05-26,TX,"2,938,914","2,181","50,808",32,62729.0,12570927.0,67401.0,10033635.0,126076.0,22486269.0
2021-05-27,TX,"2,940,203","1,289","50,837",29,54542.0,12625469.0,54951.0,10088586.0,107103.0,22593372.0
2021-05-28,TX,"2,942,235","2,032","50,866",29,73145.0,12698614.0,68272.0,10156858.0,132316.0,22725688.0
2021-05-29,TX,"2,943,316","1,081","50,883",17,57812.0,12756426.0,66213.0,10223071.0,122187.0,22847875.0
2021-05-30,TX,"2,943,700",384,"50,909",26,48464.0,12804890.0,49255.0,10272326.0,94260.0,22942135.0
2021-05-31,TX,"2,943,844",144,"50,928",19,0.0,12804890.0,0.0,10272326.0,0.0,22942135.0
2021-06-01,TX,"2,944,003",159,"50,957",29,52525.0,12857415.0,53263.0,10325589.0,100289.0,23042424.0
2021-06-02,TX,"2,945,998","1,995","50,979",22,26104.0,12883519.0,29619.0,10355208.0,52924.0,23095348.0
2021-06-03,TX,"2,947,860","1,862","50,997",18,45119.0,12928638.0,40215.0,10395423.0,83168.0,23178516.0
2021-06-04,TX,"2,950,622","2,762","51,024",27,55800.0,12984438.0,62533.0,10457956.0,115070.0,23293586.0
2021-06-05,TX,"2,952,601","1,979","51,042",18,42424.0,13026862.0,48788.0,10506744.0,89415.0,23383001.0
2021-06-06,TX,"2,953,238",637,"51,065",23,46552.0,13073414.0,76333.0,10583077.0,118683.0,23501684.0
2021-06-07,TX,"2,953,743",505,"51,083",18,28956.0,13102370.0,40489.0,10623566.0,68941.0,23570625.0
2021-06-08,TX,"2,955,535","1,792","51,102",19,33941.0,13136311.0,38605.0,10662171.0,69045.0,23639670.0
2021-06-09,TX,"2,962,028","6,493","51,119",17,39653.0,13175964.0,57074.0,10719245.0,93911.0,23733581.0
2021-06-10,TX,"2,964,503","2,475","51,141",22,48946.0,13224910.0,67866.0,10787111.0,113518.0,23847099.0
2021-06-11,TX,"2,965,966","1,463","51,158",17,47916.0,13272826.0,69690.0,10856801.0,113380.0,23960479.0
2021-06-12,TX,"2,967,034","1,068","51,174",16,70387.0,13343213.0,99505.0,10956306.0,166850.0,24127329.0
2021-06-13,TX,"2,967,354",320,"51,199",25,23404.0,13366617.0,47337.0,11003643.0,70466.0,24197795.0
2021-06-14,TX,"2,967,730",376,"51,214",15,17049.0,13383666.0,36998.0,11040641.0,54994.0,24252789.0
2021-06-15,TX,"2,969,037","1,307","51,231",17,47720.0,13431386.0,70717.0,11111358.0,114802.0,24367591.0
2021-06-16,TX,"2,970,470","1,433","51,250",19,79855.0,13511241.0,117057.0,11228415.0,190977.0,24558568.0
2021-06-17,TX,"2,972,237","1,767","51,263",13,75789.0,13587030.0,103279.0,11331694.0,176943.0,24735511.0
2021-06-18,TX,"2,973,171",934,"51,274",11,42872.0,13629902.0,62517.0,11394211.0,102487.0,24837998.0
2021-06-19,TX,"2,975,175","2,004","51,294",20,29290.0,13659192.0,44235.0,11438446.0,71956.0,24909954.0
2021-06-20,TX,"2,975,701",526,"51,314",20,33360.0,13692552.0,60839.0,11499285.0,90690.0,25000644.0
2021-06-21,TX,"2,975,787",86,"51,333",19,19528.0,13712080.0,30849.0,11530134.0,48967.0,25049611.0
2021-06-22,TX,"2,977,580","1,793","51,349",16,21498.0,13733578.0,27867.0,11558001.0,46064.0,25095675.0
2021-06-23,TX,"2,978,259",679,"51,365",16,26724.0,13760302.0,27705.0,11585706.0,52734.0,25148409.0
2021-06-24,TX,"2,980,499","2,240","51,378",13,28246.0,13788548.0,40198.0,11625904.0,67009.0,25215418.0
2021-06-25,TX,"2,982,177","1,678","51,395",17,30499.0,13819047.0,45220.0,11671124.0,73621.0,25289039.0
2021-06-26,TX,"2,984,022","1,845","51,409",14,36414.0,13855461.0,69759.0,11740883.0,105787.0,25394826.0
2021-06-27,TX,"2,984,340",318,"51,422",13,31673.0,13887134.0,80777.0,11821660.0,109220.0,25504046.0
2021-06-28,TX,"2,984,523",183,"51,437",15,21550.0,13908684.0,40373.0,11862033.0,61215.0,25565261.0
2021-06-29,TX,"2,986,847","2,324","51,449",12,27186.0,13935870.0,26874.0,11888907.0,51470.0,25616731.0
2021-06-30,TX,"2,988,457","1,610","51,462",13,26969.0,13962839.0,43180.0,11932087.0,69649.0,25686380.0
2021-07-01,TX,"2,990,703","2,246","51,470",8,27945.0,13990784.0,42555.0,11974642.0,70087.0,25756467.0
2021-07-02,TX,"2,992,614","1,911","51,480",10,27642.0,14018426.0,31958.0,12006600.0,58960.0,25815427.0
2021-07-03,TX,"2,994,052","1,438","51,493",13,30718.0,14049144.0,32897.0,12039497.0,63092.0,25878519.0
2021-07-04,TX,"2,994,471",419,"51,498",5,24188.0,14073332.0,25616.0,12065113.0,48435.0,25926954.0
2021-07-05,TX,"2,994,817",346,"51,507",9,0.0,14073332.0,0.0,12065113.0,0.0,25926954.0
2021-07-06,TX,"2,995,819","1,002","51,511",4,27433.0,14100765.0,26881.0,12091994.0,51585.0,25978539.0
2021-07-07,TX,"2,997,665","1,846","51,517",6,22568.0,14123333.0,17864.0,12109858.0,38595.0,26017134.0
2021-07-08,TX,"3,001,708","4,043","51,517",0,31412.0,14154745.0,34703.0,12144561.0,63048.0,26080182.0
2021-07-09,TX,"3,004,105","2,397","51,518",1,31405.0,14186150.0,22259.0,12166820.0,49958.0,26130140.0
2021-07-10,TX,"3,006,425","2,320","51,519",1,29609.0,14215759.0,38456.0,12205276.0,65847.0,26195987.0
2021-07-11,TX,"3,007,025",600,"51,519",0,26431.0,14242190.0,24888.0,12230164.0,49681.0,26245668.0
2021-07-12,TX,"3,007,562",537,"51,519",0,21935.0,14264125.0,17921.0,12248085.0,37696.0,26283364.0
2021-07-13,TX,"3,011,214","3,652","51,519",0,21538.0,14285663.0,25884.0,12273969.0,44412.0,26327776.0
2021-07-14,TX,"3,014,340","3,020","51,549",30,29621.0,14315284.0,39013.0,12312982.0,66869.0,26394645.0
2021-07-15,TX,"3,019,221","4,769","51,585",36,25660.0,14340944.0,28809.0,12341791.0,53816.0,26448461.0
2021-07-16,TX,"3,023,502","4,239","51,610",25,23857.0,14364801.0,22132.0,12363923.0,46432.0,26494893.0
2021-07-17,TX,"3,027,139","3,566","51,640",30,30822.0,14395623.0,27027.0,12390950.0,56443.0,26551336.0
2021-07-18,TX,"3,029,285","2,101","51,651",11,25886.0,14421509.0,21210.0,12412160.0,47327.0,26598663.0
2021-07-19,TX,"3,030,342","1,033","51,652",1,19137.0,14440646.0,15324.0,12427484.0,33682.0,26632345.0
2021-07-20,TX,"3,034,779","4,301","51,676",24,0.0,14440646.0,0.0,12427484.0,0.0,26632345.0
2021-07-21,TX,"3,039,980","5,017","51,709",33,72471.0,14513117.0,57334.0,12484818.0,112259.0,26744604.0
2021-07-22,TX,"3,048,575","8,312","51,749",40,56125.0,14569242.0,18334.0,12503152.0,72451.0,26817055.0
2021-07-23,TX,"3,056,111","7,191","51,802",53,41663.0,14610905.0,24507.0,12527659.0,64033.0,26881088.0
2021-07-24,TX,"3,062,715","6,482","51,830",28,0.0,14610905.0,0.0,12527659.0,1007.0,26882095.0
2021-07-25,TX,"3,065,073","2,330","51,848",18,86750.0,14697655.0,47767.0,12575426.0,132228.0,27014323.0
2021-07-26,TX,"3,066,674","1,565","51,853",5,35971.0,14733626.0,18479.0,12593905.0,52301.0,27066624.0
2021-07-27,TX,"3,075,316","8,500","51,890",37,33536.0,14767162.0,15144.0,12609049.0,46585.0,27113209.0
2021-07-28,TX,"3,088,316","12,880","51,949",59,43516.0,14810678.0,21374.0,12630423.0,62603.0,27175812.0
2021-07-29,TX,"3,096,756","8,211","51,984",35,56090.0,14866768.0,27689.0,12658112.0,80674.0,27256486.0
2021-07-30,TX,"3,112,803","15,713","52,041",57,56151.0,14922919.0,26687.0,12684799.0,79142.0,27335628.0
2021-07-31,TX,"3,125,699","12,732","52,085",44,59444.0,14982363.0,28204.0,12713003.0,85235.0,27420863.0
2021-08-01,TX,"3,128,102","2,359","52,106",21,53354.0,15035717.0,24091.0,12737094.0,76792.0,27497655.0
2021-08-02,TX,"3,132,479","4,358","52,110",4,42043.0,15077760.0,20443.0,12757537.0,60245.0,27557900.0
2021-08-03,TX,"3,147,040","14,239","52,161",51,38442.0,15116202.0,28802.0,12786339.0,65045.0,27622945.0
2021-08-04,TX,"3,166,130","18,757","52,221",60,55259.0,15171461.0,24286.0,12810625.0,77986.0,27700931.0
2021-08-05,TX,"3,180,107","13,895","52,297",76,54636.0,15226097.0,24958.0,12835583.0,78415.0,27779346.0
2021-08-06,TX,"3,199,220","11,340","52,370",73,61152.0,15287249.0,22999.0,12858582.0,82750.0,27862096.0
2021-08-07,TX,"3,219,300","19,981","52,435",65,65065.0,15352314.0,25874.0,12884456.0,90111.0,27952207.0
2021-08-08,TX,"3,225,082","5,740","52,463",28,61610.0,15413924.0,24355.0,12908811.0,85724.0,28037931.0
2021-08-09,TX,"3,227,531","2,386","52,471",8,43216.0,15457140.0,17939.0,12926750.0,60097.0,28098028.0
2021-08-10,TX,"3,245,115","17,401","52,555",84,42651.0,15499791.0,19439.0,12946189.0,60260.0,28158288.0
2021-08-11,TX,"3,263,283","17,898","52,667",112,48724.0,15548515.0,21072.0,12967261.0,68772.0,28227060.0
2021-08-12,TX,"3,278,469","14,920","52,787",120,65536.0,15614051.0,33004.0,13000265.0,97787.0,28324847.0
2021-08-13,TX,"3,292,180","13,614","52,931",144,82757.0,15696808.0,39194.0,13039459.0,121446.0,28446293.0
2021-08-14,TX,"3,318,801","26,454","53,048",117,79848.0,15776656.0,53267.0,13092726.0,131465.0,28577758.0
2021-08-15,TX,"3,323,973","5,098","53,091",43,57673.0,15834329.0,34707.0,13127433.0,93579.0,28671337.0
2021-08-16,TX,"3,329,808","5,733","53,100",9,36583.0,15870912.0,21303.0,13148736.0,60135.0,28731472.0
2021-08-17,TX,"3,354,048","23,990","53,196",96,43457.0,15914369.0,30307.0,13179043.0,75001.0,28806473.0
2021-08-18,TX,"3,380,120","25,104","53,370",174,46938.0,15961307.0,29853.0,13208896.0,80853.0,28887326.0
2021-08-19,TX,"3,393,841","13,517","53,564",194,61650.0,16022957.0,46321.0,13255217.0,119037.0,29006363.0
2021-08-20,TX,"3,411,118","15,343","53,738",174,54288.0,16077245.0,40403.0,13295620.0,105804.0,29112167.0
2021-08-21,TX,"3,433,281","21,787","53,928",190,43531.0,16120776.0,34080.0,13329700.0,88370.0,29200537.0
2021-08-22,TX,"3,445,183","11,832","53,994",66,50064.0,16170840.0,44989.0,13374689.0,107502.0,29308039.0
2021-08-23,TX,"3,450,934","5,726","54,023",29,34846.0,16205686.0,32171.0,13406860.0,73985.0,29382024.0
2021-08-24,TX,"3,472,002","20,701","54,222",199,43460.0,16249146.0,39440.0,13446300.0,89195.0,29471219.0
2021-08-25,TX,"3,496,374","24,115","54,455",233,68157.0,16317303.0,56910.0,13503210.0,136467.0,29607686.0
2021-08-26,TX,"3,513,656","17,029","54,691",236,61519.0,16378822.0,52601.0,13555811.0,126071.0,29733757.0
2021-08-27,TX,"3,531,043","17,186","54,991",300,41510.0,16420332.0,39884.0,13595695.0,93215.0,29826972.0
2021-08-28,TX,"3,547,835","16,431","55,251",260,0.0,16420332.0,0.0,13595695.0,0.0,29826972.0
2021-08-29,TX,"3,551,496","3,482","55,371",120,83758.0,16504090.0,90444.0,13686139.0,200579.0,30027551.0
2021-08-30,TX,"3,561,407","9,880","55,404",33,27569.0,16531659.0,32671.0,13718810.0,65831.0,30093382.0
2021-08-31,TX,"3,590,156","28,245","55,635",231,30463.0,16562122.0,35051.0,13753861.0,72169.0,30165551.0
2021-09-01,TX,"3,611,990","21,511","55,955",320,41558.0,16603680.0,48369.0,13802230.0,102988.0,30268539.0
2021-09-02,TX,"3,634,358","21,967","56,296",341,35960.0,16639640.0,43401.0,13845631.0,93546.0,30362085.0
2021-09-03,TX,"3,661,361","26,615","56,598",302,36384.0,16676024.0,43330.0,13888961.0,93292.0,30455377.0
2021-09-04,TX,"3,678,922","17,144","56,903",305,36084.0,16712108.0,47050.0,13936011.0,99534.0,30554911.0
2021-09-05,TX,"3,686,523","7,324","57,057",154,0.0,16712108.0,0.0,13936011.0,0.0,30554911.0
2021-09-06,TX,"3,690,755","3,828","57,110",53,0.0,16712108.0,0.0,13936011.0,0.0,30554911.0
2021-09-07,TX,"3,697,884","7,103","57,238",128,74694.0,16786802.0,95419.0,14031430.0,189591.0,30744502.0
2021-09-08,TX,"3,733,656","34,425","57,524",286,15123.0,16801925.0,20876.0,14052306.0,40772.0,30785274.0
2021-09-09,TX,"3,763,626","29,566","57,932",408,27170.0,16829095.0,42557.0,14094863.0,81477.0,30866751.0
2021-09-10,TX,"3,787,220","23,245","58,332",400,29714.0,16858809.0,38554.0,14133417.0,80469.0,30947220.0
2021-09-11,TX,"3,800,528","12,781","58,689",357,32677.0,16891486.0,42538.0,14175955.0,88366.0,31035586.0
2021-09-12,TX,"3,804,969","4,362","58,855",166,29778.0,16921264.0,42340.0,14218295.0,84636.0,31120222.0
2021-09-13,TX,"3,815,158","10,143","58,901",46,0.0,16921264.0,0.0,14218295.0,0.0,31120222.0
2021-09-14,TX,"3,839,170","23,460","59,197",296,42893.0,16964157.0,60312.0,14278607.0,113640.0,31233862.0
2021-09-15,TX,"3,864,455","24,454","59,608",411,27493.0,16991650.0,35512.0,14314119.0,72736.0,31306598.0
2021-09-16,TX,"3,883,678","18,683","59,980",372,26555.0,17018205.0,36325.0,14350444.0,72072.0,31378670.0
2021-09-17,TX,"3,902,306","18,097","60,357",377,59043.0,17077248.0,84799.0,14435243.0,160364.0,31539034.0
2021-09-18,TX,"3,917,282","14,401","60,674",317,52161.0,17129409.0,76623.0,14511866.0,145238.0,31684272.0
2021-09-19,TX,"3,919,804","2,435","60,784",110,27294.0,17156703.0,42217.0,14554083.0,79914.0,31764186.0
2021-09-20,TX,"3,925,108","5,271","60,832",48,12365.0,17169068.0,19449.0,14573532.0,35891.0,31800077.0
2021-09-21,TX,"3,938,888","13,156","61,178",346,16833.0,17185901.0,21752.0,14595284.0,43781.0,31843858.0
2021-09-22,TX,"3,958,042","18,709","61,570",392,29617.0,17215518.0,48256.0,14643540.0,90502.0,31934360.0
2021-09-23,TX,"3,970,552","11,044","62,033",463,24141.0,17239659.0,36734.0,14680274.0,73041.0,32007401.0
2021-09-24,TX,"3,984,407","13,498","62,469",436,21864.0,17261523.0,36659.0,14716933.0,70255.0,32077656.0
2021-09-25,TX,"3,996,847","11,794","62,786",317,23712.0,17285235.0,36274.0,14753207.0,78345.0,32156001.0
2021-09-26,TX,"4,002,111","5,025","62,942",156,18393.0,17303628.0,28159.0,14781366.0,67727.0,32223728.0
2021-09-27,TX,"4,008,025","5,792","62,980",38,11573.0,17315201.0,18328.0,14799694.0,42164.0,32265892.0
2021-09-28,TX,"4,023,240","14,771","63,245",265,0.0,17315201.0,0.0,14799694.0,0.0,32265892.0
2021-09-29,TX,"4,035,920","11,819","63,626",381,-75207.0,17239994.0,1194220.0,15993914.0,-25165.0,32240727.0
2021-09-30,TX,"4,046,932","10,247","63,976",350,18089.0,17258083.0,-1180229.0,14813685.0,68804.0,32309531.0
2021-10-01,TX,"4,057,845","10,219","64,304",328,15657.0,17273740.0,19588.0,14833273.0,58171.0,32367702.0
2021-10-02,TX,"4,065,735","7,397","64,590",286,29601.0,17303341.0,38195.0,14871468.0,111090.0,32478792.0
2021-10-03,TX,"4,068,619","2,677","64,732",142,31396.0,17334737.0,45436.0,14916904.0,122785.0,32601577.0
2021-10-04,TX,"4,071,599","2,951","64,785",53,11865.0,17346602.0,17489.0,14934393.0,41958.0,32643535.0
2021-10-05,TX,"4,081,849","10,012","65,062",277,17354.0,17363956.0,23855.0,14958248.0,61245.0,32704780.0
2021-10-06,TX,"4,095,261","12,566","65,433",371,15379.0,17379335.0,18629.0,14976877.0,53255.0,32758035.0
2021-10-07,TX,"4,104,149","8,095","65,690",257,29418.0,17408753.0,35569.0,15012446.0,106236.0,32864271.0
2021-10-08,TX,"4,113,124","8,431","66,057",367,18630.0,17427383.0,22713.0,15035159.0,75355.0,32939626.0
2021-10-09,TX,"4,119,056","5,284","66,332",275,21438.0,17448821.0,25153.0,15060312.0,78378.0,33018004.0
2021-10-10,TX,"4,120,845","1,628","66,465",133,0.0,17448821.0,0.0,15060312.0,0.0,33018004.0
2021-10-11,TX,"4,123,515","2,586","66,467",2,0.0,17448821.0,0.0,15060312.0,0.0,33018004.0
2021-10-12,TX,"4,133,381","9,217","66,700",233,36406.0,17485227.0,48679.0,15108991.0,132158.0,33150162.0
2021-10-13,TX,"4,142,962","8,849","67,012",312,19914.0,17505141.0,22436.0,15131427.0,71243.0,33221405.0
2021-10-14,TX,"4,149,312","5,852","67,202",190,17249.0,17522390.0,20764.0,15152191.0,75527.0,33296932.0
2021-10-15,TX,"4,156,151","6,033","67,477",275,17776.0,17540166.0,20862.0,15173053.0,66108.0,33363040.0
2021-10-16,TX,"4,162,041","5,065","67,724",247,20032.0,17560198.0,24093.0,15197146.0,75474.0,33438514.0
2021-10-17,TX,"4,162,747",630,"67,812",88,11048.0,17571246.0,13756.0,15210902.0,43358.0,33481872.0
2021-10-18,TX,"4,165,022","2,252","67,847",35,10321.0,17581567.0,12283.0,15223185.0,33699.0,33515571.0
2021-10-19,TX,"4,172,288","6,746","68,043",196,14269.0,17595836.0,16474.0,15239659.0,53326.0,33568897.0
2021-10-20,TX,"4,178,148","5,328","68,313",270,16117.0,17611953.0,19199.0,15258858.0,60405.0,33629302.0
2021-10-21,TX,"4,182,835","4,310","68,573",260,21907.0,17633860.0,24750.0,15283608.0,79476.0,33708778.0
2021-10-22,TX,"4,188,319","5,168","68,792",219,5384.0,17639244.0,28171.0,15311779.0,4122.0,33712900.0
2021-10-23,TX,"4,192,541","3,771","69,001",209,29927.0,17669171.0,35227.0,15347006.0,134381.0,33847281.0
2021-10-24,TX,"4,194,151","1,516","69,072",71,10048.0,17679219.0,11782.0,15358788.0,54729.0,33902010.0
2021-10-25,TX,"4,196,041","1,843","69,089",17,8964.0,17688183.0,9458.0,15368246.0,49673.0,33951683.0
2021-10-26,TX,"4,202,317","6,014","69,267",178,15616.0,17703799.0,17062.0,15385308.0,82048.0,34033731.0
2021-10-27,TX,"4,207,272","4,498","69,485",218,20785.0,17724584.0,20456.0,15405764.0,115673.0,34149404.0
2021-10-28,TX,"4,211,838","4,146","69,668",183,35590.0,17760174.0,26378.0,15432142.0,142974.0,34292378.0
2021-10-29,TX,"4,217,243","5,268","69,846",178,19280.0,17779454.0,20490.0,15452632.0,109098.0,34401476.0
2021-10-30,TX,"4,221,582","3,770","69,922",76,14571.0,17794025.0,14794.0,15467426.0,108037.0,34509513.0
2021-10-31,TX,"4,222,311",665,"69,981",59,14261.0,17808286.0,14059.0,15481485.0,89050.0,34598563.0
2021-11-01,TX,"4,223,527","1,211","70,000",19,11321.0,17819607.0,10351.0,15491836.0,58275.0,34656838.0
2021-11-02,TX,"4,228,433","4,221","70,129",129,9056.0,17828663.0,9439.0,15501275.0,80131.0,34736969.0
2021-11-03,TX,"4,233,278","4,737","70,293",164,18475.0,17847138.0,17858.0,15519133.0,97572.0,34834541.0
2021-11-04,TX,"4,236,624","3,127","70,432",139,14696.0,17861834.0,13391.0,15532524.0,72558.0,34907099.0
2021-11-05,TX,"4,240,146","3,336","70,573",141,18044.0,17879878.0,4274.0,15536798.0,72159.0,34979258.0
2021-11-06,TX,"4,243,143","2,469","70,705",132,17983.0,17897861.0,14979.0,15551777.0,102911.0,35082169.0
2021-11-07,TX,"4,244,349","1,140","70,758",53,16424.0,17914285.0,13759.0,15565536.0,93329.0,35175498.0
2021-11-08,TX,"4,245,949","1,551","70,766",8,15933.0,17930218.0,13769.0,15579305.0,79378.0,35254876.0
2021-11-09,TX,"4,251,485","5,359","70,862",96,10625.0,17940843.0,9371.0,15588676.0,55156.0,35310032.0
2021-11-10,TX,"4,255,280","3,670","70,862",0,23987.0,17964830.0,18411.0,15607087.0,110106.0,35420138.0
2021-11-11,TX,"4,259,194","3,767","71,186",324,0.0,17964830.0,0.0,15607087.0,0.0,35420138.0
2021-11-12,TX,"4,262,152","2,813","71,502",316,46845.0,18011675.0,32442.0,15639529.0,189333.0,35609471.0
2021-11-13,TX,"4,266,084","3,849","71,586",84,20002.0,18031677.0,22729.0,15662258.0,107869.0,35717340.0
2021-11-14,TX,"4,266,698",553,"71,624",38,15744.0,18047421.0,10085.0,15672343.0,67042.0,35784382.0
2021-11-15,TX,"4,268,082","1,375","71,633",9,10495.0,18057916.0,6875.0,15679218.0,41520.0,35825902.0
2021-11-16,TX,"4,272,442","4,301","71,722",89,19254.0,18077170.0,12051.0,15691269.0,77146.0,35903048.0
2021-11-17,TX,"4,277,364","4,867","71,844",122,19500.0,18096670.0,13246.0,15704515.0,84747.0,35987795.0
2021-11-18,TX,"4,282,152","4,744","71,982",138,0.0,18096670.0,0.0,15704515.0,0.0,35987795.0
2021-11-19,TX,"4,286,622","4,370","72,082",100,19989.0,18116659.0,14084.0,15718599.0,92011.0,36079806.0
2021-11-20,TX,"4,289,373","2,670","72,169",87,202770.0,18319429.0,18176.0,15736775.0,300378.0,36380184.0
2021-11-21,TX,"4,290,380",517,"72,198",29,21375.0,18340804.0,14130.0,15750905.0,98125.0,36478309.0
2021-11-22,TX,"4,292,386","1,956","72,208",10,62035.0,18402839.0,17841.0,15768746.0,170421.0,36648730.0
2021-11-23,TX,"4,296,053","3,541","72,301",93,0.0,18402839.0,0.0,15768746.0,0.0,36648730.0
2021-11-24,TX,"4,300,466","4,168","72,381",80,71589.0,18474428.0,24327.0,15793073.0,213704.0,36862434.0
2021-11-25,TX,"4,305,025","4,483","72,381",0,0.0,18474428.0,0.0,15793073.0,0.0,36862434.0
2021-11-26,TX,"4,305,679",635,"72,381",0,0.0,18474428.0,0.0,15793073.0,0.0,36862434.0
2021-11-27,TX,"4,306,239",509,"72,381",0,0.0,18474428.0,0.0,15793073.0,0.0,36862434.0
2021-11-28,TX,"4,306,599",268,"72,381",0,0.0,18474428.0,0.0,15793073.0,0.0,36862434.0
2021-11-29,TX,"4,309,721","2,951","72,529",148,0.0,18474428.0,0.0,15793073.0,0.0,36862434.0
2021-11-30,TX,"4,316,162","6,276","72,607",78,109665.0,18584093.0,68269.0,15861342.0,382772.0,37245206.0
2021-12-01,TX,"4,319,782","3,620","72,707",100,25730.0,18609823.0,25845.0,15887187.0,113700.0,37358906.0
2021-12-02,TX,"4,324,851","5,069","72,808",101,23453.0,18633276.0,22596.0,15909783.0,101873.0,37460779.0
2021-12-03,TX,"4,329,541","4,690","72,882",74,44277.0,18677553.0,41886.0,15951669.0,188533.0,37649312.0
2021-12-04,TX,"4,337,687","8,146","72,956",74,34718.0,18712271.0,32409.0,15984078.0,158165.0,37807477.0
2021-12-05,TX,"4,342,918","5,231","72,986",30,26695.0,18738966.0,31186.0,16015264.0,129966.0,37937443.0
2021-12-06,TX,"4,346,792","3,874","72,989",3,16303.0,18755269.0,21729.0,16036993.0,81148.0,38018591.0
2021-12-07,TX,"4,351,747","4,955","73,052",63,27825.0,18783094.0,27680.0,16064673.0,109500.0,38128091.0
2021-12-08,TX,"4,355,596","3,849","73,147",95,29702.0,18812796.0,29511.0,16094184.0,139164.0,38267255.0
2021-12-09,TX,"4,359,697","4,101","73,227",80,36636.0,18849432.0,33508.0,16127692.0,144971.0,38412226.0
2021-12-10,TX,"4,364,714","5,017","73,337",110,29577.0,18879009.0,26384.0,16154076.0,131755.0,38543981.0
2021-12-11,TX,"4,369,418","4,704","73,364",27,31668.0,18910677.0,28264.0,16182340.0,141016.0,38684997.0
2021-12-12,TX,"4,372,008","2,590","73,400",36,1754.0,18912431.0,344.0,16182684.0,1459.0,38686456.0
2021-12-13,TX,"4,376,245","4,237","73,409",9,36358.0,18948789.0,40719.0,16223403.0,169992.0,38856448.0
2021-12-14,TX,"4,380,886","4,641","73,477",68,21941.0,18970730.0,24006.0,16247409.0,107517.0,38963965.0
2021-12-15,TX,"4,385,832","4,946","73,568",91,0.0,18970730.0,0.0,16247409.0,0.0,38963965.0
2021-12-16,TX,"4,391,567","5,735","73,658",90,34647.0,19005377.0,27107.0,16274516.0,128240.0,39092205.0
2021-12-17,TX,"4,397,558","5,991","73,756",98,56634.0,19062011.0,45704.0,16320220.0,240652.0,39332857.0
2021-12-18,TX,"4,405,621","8,063","73,834",78,0.0,19062011.0,0.0,16320220.0,0.0,39332857.0
2021-12-19,TX,"4,413,046","7,425","73,859",25,50534.0,19112545.0,33460.0,16353680.0,228146.0,39561003.0
2021-12-20,TX,"4,423,658","10,612","73,865",6,16150.0,19128695.0,9841.0,16363521.0,63078.0,39624081.0
2021-12-21,TX,"4,434,762","11,104","73,918",53,24823.0,19153518.0,17919.0,16381440.0,102212.0,39726293.0
2021-12-22,TX,"4,444,883","10,121","74,003",85,34482.0,19188000.0,21060.0,16402500.0,144653.0,39870946.0
2021-12-23,TX,"4,457,359","12,476","74,092",89,34170.0,19222170.0,20846.0,16423346.0,147669.0,40018615.0
2021-12-24,TX,"4,471,130","13,771","74,092",0,0.0,19222170.0,0.0,16423346.0,0.0,40018615.0
2021-12-25,TX,"4,486,466","15,336","74,092",0,0.0,19222170.0,0.0,16423346.0,0.0,40018615.0
2021-12-26,TX,"4,499,025","12,559","74,092",0,0.0,19222170.0,0.0,16423346.0,0.0,40018615.0
2021-12-27,TX,"4,516,356","17,331","74,262",170,60469.0,19282639.0,39565.0,16462911.0,256062.0,40274677.0
2021-12-28,TX,"4,531,151","14,795","74,330",68,21531.0,19304170.0,14283.0,16477194.0,80208.0,40354885.0
2021-12-29,TX,"4,545,437","14,286","74,401",71,32800.0,19336970.0,20321.0,16497515.0,128149.0,40483034.0
2021-12-30,TX,"4,561,037","15,600","74,491",90,35165.0,19372135.0,19848.0,16517363.0,129039.0,40612073.0
2021-12-31,TX,"4,576,799","15,762","74,491",0,0.0,19372135.0,0.0,16517363.0,0.0,40612073.0
